{
  "type": "FeatureCollection",
  "properties": {
    "generator": "backend/scripts/build_wards.py",
    "zone_count": 48,
    "geometry_source": "amc_ward_boundary",
    "source_dataset": "datasets/geo/amc_wards_datameet.geojson",
    "note": "Real Ahmedabad Municipal Corporation ward boundaries (DataMeet, CC BY 4.0) — see datasets/geo/README.md for provenance and the verification performed. Administrative geometry, not a synthetic grid."
  },
  "features": [
    {
      "type": "Feature",
      "id": "ward-48",
      "geometry": {
        "type": "Polygon",
        "coordinates": [
          [
            [
              72.647946,
              22.997841
            ],
            [
              72.647442,
              22.998378
            ],
            [
              72.647164,
              22.99756
            ],
            [
              72.647145,
              22.997505
            ],
            [
              72.647087,
              22.997525
            ],
            [
              72.645699,
              22.998006
            ],
            [
              72.645694,
              22.997915
            ],
            [
              72.645618,
              22.99773
            ],
            [
              72.64472,
              22.996836
            ],
            [
              72.644358,
              22.996475
            ],
            [
              72.643205,
              22.995678
            ],
            [
              72.642386,
              22.995183
            ],
            [
              72.641228,
              22.995052
            ],
            [
              72.63954,
              22.995045
            ],
            [
              72.63906,
              22.994709
            ],
            [
              72.6388,
              22.994096
            ],
            [
              72.638891,
              22.992895
            ],
            [
              72.639356,
              22.991909
            ],
            [
              72.640427,
              22.991096
            ],
            [
              72.640705,
              22.990585
            ],
            [
              72.6408,
              22.989503
            ],
            [
              72.640365,
              22.989664
            ],
            [
              72.640126,
              22.989412
            ],
            [
              72.640224,
              22.988842
            ],
            [
              72.639958,
              22.988741
            ],
            [
              72.639722,
              22.988364
            ],
            [
              72.639383,
              22.987803
            ],
            [
              72.639022,
              22.987351
            ],
            [
              72.638754,
              22.987148
            ],
            [
              72.637888,
              22.987164
            ],
            [
              72.637383,
              22.987166
            ],
            [
              72.637277,
              22.986571
            ],
            [
              72.637135,
              22.985008
            ],
            [
              72.636891,
              22.983815
            ],
            [
              72.636617,
              22.98359
            ],
            [
              72.632206,
              22.986038
            ],
            [
              72.628773,
              22.987961
            ],
            [
              72.628406,
              22.988005
            ],
            [
              72.624715,
              22.984613
            ],
            [
              72.623992,
              22.983947
            ],
            [
              72.62312,
              22.983158
            ],
            [
              72.622351,
              22.982661
            ],
            [
              72.621279,
              22.982161
            ],
            [
              72.620008,
              22.981585
            ],
            [
              72.619309,
              22.98136
            ],
            [
              72.619445,
              22.981097
            ],
            [
              72.62102,
              22.977596
            ],
            [
              72.623377,
              22.972354
            ],
            [
              72.623778,
              22.971413
            ],
            [
              72.625064,
              22.968548
            ],
            [
              72.626636,
              22.965161
            ],
            [
              72.62814,
              22.961668
            ],
            [
              72.629384,
              22.958983
            ],
            [
              72.629947,
              22.957852
            ],
            [
              72.631332,
              22.954963
            ],
            [
              72.632396,
              22.952468
            ],
            [
              72.634017,
              22.949939
            ],
            [
              72.632216,
              22.950301
            ],
            [
              72.630056,
              22.950171
            ],
            [
              72.629176,
              22.950259
            ],
            [
              72.627448,
              22.950029
            ],
            [
              72.626208,
              22.949804
            ],
            [
              72.62536,
              22.949712
            ],
            [
              72.625195,
              22.949736
            ],
            [
              72.624013,
              22.950118
            ],
            [
              72.623059,
              22.950256
            ],
            [
              72.621911,
              22.950162
            ],
            [
              72.621248,
              22.950303
            ],
            [
              72.620564,
              22.950538
            ],
            [
              72.619011,
              22.951002
            ],
            [
              72.61891,
              22.950974
            ],
            [
              72.619525,
              22.949181
            ],
            [
              72.620516,
              22.947023
            ],
            [
              72.621133,
              22.945179
            ],
            [
              72.623548,
              22.942461
            ],
            [
              72.624949,
              22.940737
            ],
            [
              72.626225,
              22.93927
            ],
            [
              72.627178,
              22.938045
            ],
            [
              72.628259,
              22.936237
            ],
            [
              72.630297,
              22.933105
            ],
            [
              72.63171,
              22.932471
            ],
            [
              72.633099,
              22.931802
            ],
            [
              72.633366,
              22.93168
            ],
            [
              72.633595,
              22.931314
            ],
            [
              72.635136,
              22.930549
            ],
            [
              72.636118,
              22.930228
            ],
            [
              72.636488,
              22.930034
            ],
            [
              72.636916,
              22.930242
            ],
            [
              72.637682,
              22.930043
            ],
            [
              72.638041,
              22.929968
            ],
            [
              72.638223,
              22.930061
            ],
            [
              72.638987,
              22.929672
            ],
            [
              72.639254,
              22.929574
            ],
            [
              72.640381,
              22.929406
            ],
            [
              72.640974,
              22.929255
            ],
            [
              72.64122,
              22.929336
            ],
            [
              72.64191,
              22.929161
            ],
            [
              72.644505,
              22.928561
            ],
            [
              72.645181,
              22.927937
            ],
            [
              72.645575,
              22.927532
            ],
            [
              72.646902,
              22.926316
            ],
            [
              72.647052,
              22.926122
            ],
            [
              72.647179,
              22.925929
            ],
            [
              72.647834,
              22.925199
            ],
            [
              72.648668,
              22.924284
            ],
            [
              72.649383,
              22.923572
            ],
            [
              72.650057,
              22.922888
            ],
            [
              72.65464,
              22.91826
            ],
            [
              72.656271,
              22.916567
            ],
            [
              72.657087,
              22.915928
            ],
            [
              72.657566,
              22.915939
            ],
            [
              72.658337,
              22.916062
            ],
            [
              72.658698,
              22.916093
            ],
            [
              72.659223,
              22.916163
            ],
            [
              72.659399,
              22.916343
            ],
            [
              72.660769,
              22.916705
            ],
            [
              72.661726,
              22.916691
            ],
            [
              72.662225,
              22.91813
            ],
            [
              72.662333,
              22.919151
            ],
            [
              72.662836,
              22.920088
            ],
            [
              72.663,
              22.920358
            ],
            [
              72.662877,
              22.920678
            ],
            [
              72.663042,
              22.920788
            ],
            [
              72.663021,
              22.921052
            ],
            [
              72.663055,
              22.921377
            ],
            [
              72.663095,
              22.921618
            ],
            [
              72.663132,
              22.921655
            ],
            [
              72.663154,
              22.921778
            ],
            [
              72.663214,
              22.921951
            ],
            [
              72.663109,
              22.922204
            ],
            [
              72.663165,
              22.922472
            ],
            [
              72.663433,
              22.922553
            ],
            [
              72.663281,
              22.923316
            ],
            [
              72.66327,
              22.923566
            ],
            [
              72.663236,
              22.923934
            ],
            [
              72.663344,
              22.924042
            ],
            [
              72.66334,
              22.924126
            ],
            [
              72.663233,
              22.924198
            ],
            [
              72.663207,
              22.924402
            ],
            [
              72.663187,
              22.924691
            ],
            [
              72.663174,
              22.925052
            ],
            [
              72.663029,
              22.926083
            ],
            [
              72.662763,
              22.926776
            ],
            [
              72.663191,
              22.927679
            ],
            [
              72.663374,
              22.928925
            ],
            [
              72.66432,
              22.930257
            ],
            [
              72.665291,
              22.930295
            ],
            [
              72.665348,
              22.930611
            ],
            [
              72.666937,
              22.930672
            ],
            [
              72.667716,
              22.930728
            ],
            [
              72.66792,
              22.930648
            ],
            [
              72.668326,
              22.930479
            ],
            [
              72.668931,
              22.929675
            ],
            [
              72.670611,
              22.930351
            ],
            [
              72.670713,
              22.930562
            ],
            [
              72.672384,
              22.930331
            ],
            [
              72.673023,
              22.931044
            ],
            [
              72.673451,
              22.93129
            ],
            [
              72.675191,
              22.931669
            ],
            [
              72.675384,
              22.931974
            ],
            [
              72.676,
              22.931887
            ],
            [
              72.676471,
              22.932072
            ],
            [
              72.676626,
              22.932743
            ],
            [
              72.677025,
              22.932742
            ],
            [
              72.677429,
              22.932741
            ],
            [
              72.677841,
              22.93274
            ],
            [
              72.678138,
              22.932721
            ],
            [
              72.678577,
              22.932736
            ],
            [
              72.678897,
              22.932747
            ],
            [
              72.67888,
              22.932592
            ],
            [
              72.678902,
              22.93255
            ],
            [
              72.678945,
              22.932516
            ],
            [
              72.679095,
              22.932471
            ],
            [
              72.67931,
              22.932596
            ],
            [
              72.679664,
              22.932635
            ],
            [
              72.679719,
              22.932641
            ],
            [
              72.680099,
              22.93259
            ],
            [
              72.68009,
              22.932372
            ],
            [
              72.680066,
              22.93226
            ],
            [
              72.680138,
              22.932014
            ],
            [
              72.680274,
              22.931663
            ],
            [
              72.680838,
              22.931868
            ],
            [
              72.680961,
              22.932097
            ],
            [
              72.680798,
              22.932664
            ],
            [
              72.680522,
              22.932967
            ],
            [
              72.680374,
              22.933232
            ],
            [
              72.680308,
              22.933547
            ],
            [
              72.680345,
              22.933946
            ],
            [
              72.680357,
              22.934079
            ],
            [
              72.680682,
              22.935373
            ],
            [
              72.680772,
              22.93539
            ],
            [
              72.680827,
              22.935594
            ],
            [
              72.680945,
              22.936395
            ],
            [
              72.68041,
              22.936593
            ],
            [
              72.680121,
              22.936696
            ],
            [
              72.679774,
              22.936797
            ],
            [
              72.678793,
              22.937131
            ],
            [
              72.678825,
              22.937276
            ],
            [
              72.67891,
              22.937626
            ],
            [
              72.679178,
              22.93781
            ],
            [
              72.679222,
              22.937982
            ],
            [
              72.67911,
              22.938066
            ],
            [
              72.678683,
              22.938219
            ],
            [
              72.678447,
              22.93825
            ],
            [
              72.678154,
              22.938302
            ],
            [
              72.678068,
              22.938266
            ],
            [
              72.677609,
              22.938345
            ],
            [
              72.677615,
              22.93843
            ],
            [
              72.677348,
              22.938481
            ],
            [
              72.676792,
              22.938588
            ],
            [
              72.676837,
              22.938886
            ],
            [
              72.676943,
              22.9394
            ],
            [
              72.676916,
              22.939746
            ],
            [
              72.6768,
              22.939741
            ],
            [
              72.676516,
              22.94053
            ],
            [
              72.676294,
              22.941413
            ],
            [
              72.676239,
              22.941714
            ],
            [
              72.675836,
              22.941556
            ],
            [
              72.675281,
              22.940983
            ],
            [
              72.674574,
              22.941182
            ],
            [
              72.674236,
              22.941754
            ],
            [
              72.67397,
              22.942475
            ],
            [
              72.673591,
              22.942395
            ],
            [
              72.673463,
              22.942348
            ],
            [
              72.67352,
              22.942656
            ],
            [
              72.673524,
              22.942838
            ],
            [
              72.673632,
              22.943235
            ],
            [
              72.673684,
              22.943447
            ],
            [
              72.673844,
              22.944016
            ],
            [
              72.673298,
              22.944087
            ],
            [
              72.672769,
              22.944093
            ],
            [
              72.672655,
              22.944474
            ],
            [
              72.672066,
              22.944558
            ],
            [
              72.671868,
              22.944418
            ],
            [
              72.671575,
              22.944563
            ],
            [
              72.671319,
              22.944377
            ],
            [
              72.670954,
              22.944459
            ],
            [
              72.67109,
              22.945033
            ],
            [
              72.671109,
              22.945459
            ],
            [
              72.670385,
              22.945575
            ],
            [
              72.670518,
              22.946144
            ],
            [
              72.670571,
              22.946533
            ],
            [
              72.670708,
              22.94668
            ],
            [
              72.669797,
              22.946953
            ],
            [
              72.669389,
              22.946699
            ],
            [
              72.669296,
              22.946931
            ],
            [
              72.66899,
              22.947323
            ],
            [
              72.668906,
              22.947359
            ],
            [
              72.66882,
              22.94753
            ],
            [
              72.668927,
              22.94889
            ],
            [
              72.668652,
              22.949302
            ],
            [
              72.668489,
              22.949486
            ],
            [
              72.66828,
              22.949634
            ],
            [
              72.668233,
              22.949633
            ],
            [
              72.667849,
              22.949446
            ],
            [
              72.66782,
              22.949428
            ],
            [
              72.667743,
              22.949351
            ],
            [
              72.667656,
              22.949286
            ],
            [
              72.667576,
              22.949195
            ],
            [
              72.667471,
              22.948969
            ],
            [
              72.667333,
              22.94895
            ],
            [
              72.667254,
              22.948706
            ],
            [
              72.667141,
              22.948476
            ],
            [
              72.666833,
              22.948061
            ],
            [
              72.666237,
              22.947895
            ],
            [
              72.665911,
              22.947804
            ],
            [
              72.664867,
              22.947626
            ],
            [
              72.664689,
              22.947601
            ],
            [
              72.664514,
              22.948153
            ],
            [
              72.664421,
              22.948506
            ],
            [
              72.664307,
              22.948947
            ],
            [
              72.66412,
              22.949732
            ],
            [
              72.663918,
              22.950075
            ],
            [
              72.663787,
              22.950351
            ],
            [
              72.663582,
              22.950726
            ],
            [
              72.663376,
              22.951046
            ],
            [
              72.663071,
              22.95148
            ],
            [
              72.662154,
              22.952675
            ],
            [
              72.661957,
              22.952957
            ],
            [
              72.661605,
              22.953456
            ],
            [
              72.661469,
              22.953701
            ],
            [
              72.661355,
              22.953914
            ],
            [
              72.661133,
              22.954265
            ],
            [
              72.660956,
              22.954567
            ],
            [
              72.660852,
              22.954782
            ],
            [
              72.660762,
              22.954966
            ],
            [
              72.660232,
              22.956133
            ],
            [
              72.659921,
              22.956938
            ],
            [
              72.659587,
              22.9577
            ],
            [
              72.659481,
              22.957996
            ],
            [
              72.659119,
              22.959008
            ],
            [
              72.658948,
              22.960163
            ],
            [
              72.657859,
              22.960079
            ],
            [
              72.657136,
              22.960004
            ],
            [
              72.656723,
              22.960249
            ],
            [
              72.656716,
              22.960453
            ],
            [
              72.656583,
              22.960588
            ],
            [
              72.655823,
              22.96155
            ],
            [
              72.655342,
              22.961923
            ],
            [
              72.654346,
              22.962418
            ],
            [
              72.653994,
              22.962737
            ],
            [
              72.65368,
              22.963034
            ],
            [
              72.653614,
              22.963737
            ],
            [
              72.653444,
              22.964311
            ],
            [
              72.653317,
              22.96484
            ],
            [
              72.653224,
              22.965291
            ],
            [
              72.653043,
              22.966713
            ],
            [
              72.652952,
              22.967238
            ],
            [
              72.654278,
              22.967735
            ],
            [
              72.655149,
              22.968008
            ],
            [
              72.65608,
              22.968034
            ],
            [
              72.657364,
              22.968512
            ],
            [
              72.657852,
              22.968612
            ],
            [
              72.658948,
              22.968762
            ],
            [
              72.660221,
              22.96889
            ],
            [
              72.660194,
              22.967927
            ],
            [
              72.660914,
              22.967958
            ],
            [
              72.661396,
              22.968054
            ],
            [
              72.661756,
              22.968234
            ],
            [
              72.66224,
              22.968244
            ],
            [
              72.662529,
              22.968331
            ],
            [
              72.662797,
              22.968757
            ],
            [
              72.664209,
              22.96991
            ],
            [
              72.665593,
              22.97117
            ],
            [
              72.666309,
              22.97131
            ],
            [
              72.666524,
              22.971531
            ],
            [
              72.667584,
              22.972763
            ],
            [
              72.667795,
              22.973245
            ],
            [
              72.668726,
              22.972977
            ],
            [
              72.669597,
              22.973108
            ],
            [
              72.66969,
              22.974251
            ],
            [
              72.670533,
              22.97408
            ],
            [
              72.672602,
              22.973926
            ],
            [
              72.673815,
              22.973893
            ],
            [
              72.674508,
              22.973922
            ],
            [
              72.675513,
              22.974454
            ],
            [
              72.676151,
              22.974724
            ],
            [
              72.676093,
              22.975101
            ],
            [
              72.67569,
              22.977109
            ],
            [
              72.675827,
              22.977403
            ],
            [
              72.676149,
              22.978631
            ],
            [
              72.67642,
              22.98002
            ],
            [
              72.676626,
              22.981183
            ],
            [
              72.677221,
              22.984002
            ],
            [
              72.677648,
              22.984456
            ],
            [
              72.677711,
              22.984773
            ],
            [
              72.677981,
              22.985207
            ],
            [
              72.677892,
              22.985206
            ],
            [
              72.677804,
              22.985202
            ],
            [
              72.677716,
              22.985196
            ],
            [
              72.677629,
              22.985186
            ],
            [
              72.677541,
              22.985174
            ],
            [
              72.677455,
              22.98516
            ],
            [
              72.677368,
              22.985142
            ],
            [
              72.677283,
              22.985122
            ],
            [
              72.677198,
              22.985099
            ],
            [
              72.677114,
              22.985074
            ],
            [
              72.677031,
              22.985046
            ],
            [
              72.67695,
              22.985015
            ],
            [
              72.676869,
              22.984982
            ],
            [
              72.676789,
              22.984946
            ],
            [
              72.676711,
              22.984908
            ],
            [
              72.676635,
              22.984868
            ],
            [
              72.67656,
              22.984825
            ],
            [
              72.676486,
              22.984779
            ],
            [
              72.676414,
              22.984732
            ],
            [
              72.676344,
              22.984682
            ],
            [
              72.676276,
              22.98463
            ],
            [
              72.67621,
              22.984576
            ],
            [
              72.676146,
              22.98452
            ],
            [
              72.675952,
              22.984518
            ],
            [
              72.675759,
              22.984511
            ],
            [
              72.675566,
              22.984497
            ],
            [
              72.675374,
              22.984477
            ],
            [
              72.675182,
              22.984451
            ],
            [
              72.674992,
              22.984418
            ],
            [
              72.674803,
              22.98438
            ],
            [
              72.674615,
              22.984336
            ],
            [
              72.674376,
              22.984266
            ],
            [
              72.674138,
              22.98419
            ],
            [
              72.673903,
              22.984107
            ],
            [
              72.673672,
              22.984018
            ],
            [
              72.673443,
              22.983921
            ],
            [
              72.673218,
              22.983818
            ],
            [
              72.672996,
              22.983709
            ],
            [
              72.672778,
              22.983593
            ],
            [
              72.672564,
              22.98347
            ],
            [
              72.671647,
              22.983316
            ],
            [
              72.67119,
              22.983173
            ],
            [
              72.669353,
              22.982487
            ],
            [
              72.667546,
              22.983651
            ],
            [
              72.666988,
              22.9837
            ],
            [
              72.666407,
              22.98441
            ],
            [
              72.664609,
              22.985031
            ],
            [
              72.664233,
              22.985128
            ],
            [
              72.664346,
              22.985852
            ],
            [
              72.662071,
              22.986039
            ],
            [
              72.655548,
              22.989845
            ],
            [
              72.653552,
              22.991906
            ],
            [
              72.653163,
              22.992308
            ],
            [
              72.650063,
              22.995581
            ],
            [
              72.647946,
              22.997841
            ]
          ]
        ]
      },
      "properties": {
        "zone_id": "ward-48",
        "name": "Ramol Hathijan",
        "ward_number": 48,
        "center_lat": 22.957645,
        "center_lon": 72.648199,
        "area_km2": 30.8223,
        "geometry_source": "amc_ward_boundary"
      }
    },
    {
      "type": "Feature",
      "id": "ward-47",
      "geometry": {
        "type": "Polygon",
        "coordinates": [
          [
            [
              72.619616,
              22.981275
            ],
            [
              72.619481,
              22.981538
            ],
            [
              72.619174,
              22.981394
            ],
            [
              72.617555,
              22.98063
            ],
            [
              72.614865,
              22.979665
            ],
            [
              72.61348,
              22.97932
            ],
            [
              72.611046,
              22.97879
            ],
            [
              72.610892,
              22.978622
            ],
            [
              72.61087,
              22.975113
            ],
            [
              72.610685,
              22.972731
            ],
            [
              72.609851,
              22.970976
            ],
            [
              72.608334,
              22.968314
            ],
            [
              72.607895,
              22.967449
            ],
            [
              72.607862,
              22.96734
            ],
            [
              72.60786,
              22.967333
            ],
            [
              72.607582,
              22.966401
            ],
            [
              72.607334,
              22.965196
            ],
            [
              72.606967,
              22.963334
            ],
            [
              72.606568,
              22.961982
            ],
            [
              72.605996,
              22.960745
            ],
            [
              72.607116,
              22.960482
            ],
            [
              72.608158,
              22.960257
            ],
            [
              72.609106,
              22.960053
            ],
            [
              72.609875,
              22.959901
            ],
            [
              72.610894,
              22.959745
            ],
            [
              72.611446,
              22.959712
            ],
            [
              72.611687,
              22.959107
            ],
            [
              72.612461,
              22.957771
            ],
            [
              72.612498,
              22.957549
            ],
            [
              72.612164,
              22.957324
            ],
            [
              72.612186,
              22.956747
            ],
            [
              72.612163,
              22.956119
            ],
            [
              72.612169,
              22.955835
            ],
            [
              72.612433,
              22.955073
            ],
            [
              72.61137,
              22.954985
            ],
            [
              72.611186,
              22.955005
            ],
            [
              72.610543,
              22.954988
            ],
            [
              72.609927,
              22.954849
            ],
            [
              72.60965,
              22.954903
            ],
            [
              72.609531,
              22.955217
            ],
            [
              72.609161,
              22.955257
            ],
            [
              72.609152,
              22.955407
            ],
            [
              72.609166,
              22.95546
            ],
            [
              72.608282,
              22.955406
            ],
            [
              72.608379,
              22.955317
            ],
            [
              72.608443,
              22.955126
            ],
            [
              72.608446,
              22.954937
            ],
            [
              72.608485,
              22.954674
            ],
            [
              72.608364,
              22.954672
            ],
            [
              72.608208,
              22.954506
            ],
            [
              72.608111,
              22.95448
            ],
            [
              72.608132,
              22.954256
            ],
            [
              72.608541,
              22.954252
            ],
            [
              72.608493,
              22.954034
            ],
            [
              72.608433,
              22.953748
            ],
            [
              72.608359,
              22.953389
            ],
            [
              72.608282,
              22.953017
            ],
            [
              72.608218,
              22.953005
            ],
            [
              72.608222,
              22.952714
            ],
            [
              72.608236,
              22.952422
            ],
            [
              72.608245,
              22.952237
            ],
            [
              72.608279,
              22.952014
            ],
            [
              72.608309,
              22.951813
            ],
            [
              72.608343,
              22.951589
            ],
            [
              72.60833,
              22.951381
            ],
            [
              72.608288,
              22.951308
            ],
            [
              72.608354,
              22.951144
            ],
            [
              72.60853,
              22.950708
            ],
            [
              72.608765,
              22.950125
            ],
            [
              72.608784,
              22.950051
            ],
            [
              72.607564,
              22.949664
            ],
            [
              72.606921,
              22.949431
            ],
            [
              72.607673,
              22.947046
            ],
            [
              72.607854,
              22.946374
            ],
            [
              72.608055,
              22.944377
            ],
            [
              72.608303,
              22.941288
            ],
            [
              72.608667,
              22.937332
            ],
            [
              72.608748,
              22.935528
            ],
            [
              72.608832,
              22.933913
            ],
            [
              72.608903,
              22.931189
            ],
            [
              72.606248,
              22.930526
            ],
            [
              72.606448,
              22.930173
            ],
            [
              72.606841,
              22.929481
            ],
            [
              72.6073,
              22.928956
            ],
            [
              72.607657,
              22.928369
            ],
            [
              72.607914,
              22.928077
            ],
            [
              72.608444,
              22.927056
            ],
            [
              72.608834,
              22.92641
            ],
            [
              72.609342,
              22.925594
            ],
            [
              72.609386,
              22.923538
            ],
            [
              72.610194,
              22.923742
            ],
            [
              72.611526,
              22.923688
            ],
            [
              72.612485,
              22.923596
            ],
            [
              72.612509,
              22.923594
            ],
            [
              72.612533,
              22.923591
            ],
            [
              72.612556,
              22.923587
            ],
            [
              72.612579,
              22.923582
            ],
            [
              72.612602,
              22.923576
            ],
            [
              72.612625,
              22.92357
            ],
            [
              72.612648,
              22.923563
            ],
            [
              72.61267,
              22.923556
            ],
            [
              72.612692,
              22.923548
            ],
            [
              72.612714,
              22.923539
            ],
            [
              72.612735,
              22.923529
            ],
            [
              72.612756,
              22.923519
            ],
            [
              72.612777,
              22.923508
            ],
            [
              72.612797,
              22.923496
            ],
            [
              72.612817,
              22.923484
            ],
            [
              72.612836,
              22.923471
            ],
            [
              72.612855,
              22.923457
            ],
            [
              72.612874,
              22.923443
            ],
            [
              72.612891,
              22.923429
            ],
            [
              72.612909,
              22.923414
            ],
            [
              72.612925,
              22.923398
            ],
            [
              72.612941,
              22.923382
            ],
            [
              72.612957,
              22.923365
            ],
            [
              72.613006,
              22.923308
            ],
            [
              72.613054,
              22.92325
            ],
            [
              72.613099,
              22.923191
            ],
            [
              72.613142,
              22.923129
            ],
            [
              72.613182,
              22.923067
            ],
            [
              72.61322,
              22.923003
            ],
            [
              72.613256,
              22.922939
            ],
            [
              72.61329,
              22.922873
            ],
            [
              72.613321,
              22.922806
            ],
            [
              72.613349,
              22.922738
            ],
            [
              72.613375,
              22.922669
            ],
            [
              72.613398,
              22.9226
            ],
            [
              72.613701,
              22.921935
            ],
            [
              72.614099,
              22.921923
            ],
            [
              72.614167,
              22.92155
            ],
            [
              72.614547,
              22.921522
            ],
            [
              72.614752,
              22.920741
            ],
            [
              72.615095,
              22.920666
            ],
            [
              72.616709,
              22.920748
            ],
            [
              72.61677,
              22.920584
            ],
            [
              72.6171,
              22.920607
            ],
            [
              72.617806,
              22.920538
            ],
            [
              72.618663,
              22.920359
            ],
            [
              72.618647,
              22.920028
            ],
            [
              72.618977,
              22.92005
            ],
            [
              72.619785,
              22.920106
            ],
            [
              72.620381,
              22.920268
            ],
            [
              72.621192,
              22.920587
            ],
            [
              72.622075,
              22.920971
            ],
            [
              72.622573,
              22.921269
            ],
            [
              72.622625,
              22.92195
            ],
            [
              72.623185,
              22.922102
            ],
            [
              72.623854,
              22.922385
            ],
            [
              72.623977,
              22.92297
            ],
            [
              72.625167,
              22.923204
            ],
            [
              72.62554,
              22.923245
            ],
            [
              72.626271,
              22.923567
            ],
            [
              72.626905,
              22.923425
            ],
            [
              72.627072,
              22.923511
            ],
            [
              72.626921,
              22.923896
            ],
            [
              72.626587,
              22.924588
            ],
            [
              72.626253,
              22.925274
            ],
            [
              72.625851,
              22.925789
            ],
            [
              72.625312,
              22.926495
            ],
            [
              72.624923,
              22.92705
            ],
            [
              72.625127,
              22.927677
            ],
            [
              72.625172,
              22.928008
            ],
            [
              72.625221,
              22.928565
            ],
            [
              72.625384,
              22.929038
            ],
            [
              72.625225,
              22.929455
            ],
            [
              72.62508,
              22.929938
            ],
            [
              72.624663,
              22.930952
            ],
            [
              72.624554,
              22.931321
            ],
            [
              72.624982,
              22.931425
            ],
            [
              72.626104,
              22.931614
            ],
            [
              72.626176,
              22.932016
            ],
            [
              72.626397,
              22.932192
            ],
            [
              72.626591,
              22.932213
            ],
            [
              72.626899,
              22.932221
            ],
            [
              72.628351,
              22.93224
            ],
            [
              72.628481,
              22.932986
            ],
            [
              72.628586,
              22.933115
            ],
            [
              72.62959,
              22.933198
            ],
            [
              72.630198,
              22.933286
            ],
            [
              72.630468,
              22.933283
            ],
            [
              72.628431,
              22.936415
            ],
            [
              72.62735,
              22.938223
            ],
            [
              72.626396,
              22.939448
            ],
            [
              72.625121,
              22.940915
            ],
            [
              72.62372,
              22.942639
            ],
            [
              72.621305,
              22.945357
            ],
            [
              72.620688,
              22.947201
            ],
            [
              72.619697,
              22.949359
            ],
            [
              72.619081,
              22.951152
            ],
            [
              72.619183,
              22.95118
            ],
            [
              72.620735,
              22.950716
            ],
            [
              72.62142,
              22.950481
            ],
            [
              72.622083,
              22.95034
            ],
            [
              72.62323,
              22.950434
            ],
            [
              72.624184,
              22.950296
            ],
            [
              72.625366,
              22.949914
            ],
            [
              72.625531,
              22.94989
            ],
            [
              72.626379,
              22.949982
            ],
            [
              72.627619,
              22.950207
            ],
            [
              72.629348,
              22.950437
            ],
            [
              72.630228,
              22.950349
            ],
            [
              72.632388,
              22.950479
            ],
            [
              72.634188,
              22.950117
            ],
            [
              72.632568,
              22.952646
            ],
            [
              72.631503,
              22.955141
            ],
            [
              72.630118,
              22.95803
            ],
            [
              72.629555,
              22.959161
            ],
            [
              72.628311,
              22.961846
            ],
            [
              72.626807,
              22.965339
            ],
            [
              72.625236,
              22.968726
            ],
            [
              72.623949,
              22.971591
            ],
            [
              72.623548,
              22.972532
            ],
            [
              72.621191,
              22.977774
            ],
            [
              72.619616,
              22.981275
            ]
          ]
        ]
      },
      "properties": {
        "zone_id": "ward-47",
        "name": "Vatva",
        "ward_number": 47,
        "center_lat": 22.949748,
        "center_lon": 72.617807,
        "area_km2": 11.3184,
        "geometry_source": "amc_ward_boundary"
      }
    },
    {
      "type": "Feature",
      "id": "ward-46",
      "geometry": {
        "type": "Polygon",
        "coordinates": [
          [
            [
              72.588288,
              22.972855
            ],
            [
              72.588127,
              22.972848
            ],
            [
              72.588114,
              22.972848
            ],
            [
              72.58282,
              22.972623
            ],
            [
              72.578266,
              22.973102
            ],
            [
              72.571235,
              22.973639
            ],
            [
              72.567162,
              22.974259
            ],
            [
              72.563469,
              22.974742
            ],
            [
              72.561896,
              22.97492
            ],
            [
              72.560266,
              22.975071
            ],
            [
              72.558695,
              22.97531
            ],
            [
              72.555455,
              22.975627
            ],
            [
              72.552033,
              22.97595
            ],
            [
              72.550085,
              22.976152
            ],
            [
              72.548863,
              22.976528
            ],
            [
              72.54735,
              22.977161
            ],
            [
              72.546129,
              22.977951
            ],
            [
              72.545463,
              22.978614
            ],
            [
              72.543541,
              22.980873
            ],
            [
              72.542765,
              22.982071
            ],
            [
              72.540338,
              22.981013
            ],
            [
              72.536356,
              22.978484
            ],
            [
              72.528882,
              22.975785
            ],
            [
              72.521853,
              22.97337
            ],
            [
              72.518609,
              22.97018
            ],
            [
              72.514949,
              22.964894
            ],
            [
              72.512206,
              22.959195
            ],
            [
              72.511678,
              22.957761
            ],
            [
              72.512118,
              22.955177
            ],
            [
              72.513378,
              22.95271
            ],
            [
              72.515847,
              22.950914
            ],
            [
              72.518783,
              22.949872
            ],
            [
              72.523324,
              22.949381
            ],
            [
              72.52791,
              22.950134
            ],
            [
              72.534009,
              22.950894
            ],
            [
              72.537399,
              22.949835
            ],
            [
              72.539798,
              22.947742
            ],
            [
              72.542163,
              22.943543
            ],
            [
              72.542806,
              22.937709
            ],
            [
              72.542015,
              22.935543
            ],
            [
              72.539018,
              22.932293
            ],
            [
              72.534734,
              22.928193
            ],
            [
              72.531245,
              22.925007
            ],
            [
              72.533502,
              22.924231
            ],
            [
              72.533785,
              22.923823
            ],
            [
              72.534284,
              22.922847
            ],
            [
              72.53504,
              22.921946
            ],
            [
              72.536545,
              22.92071
            ],
            [
              72.538124,
              22.919678
            ],
            [
              72.538816,
              22.919282
            ],
            [
              72.539752,
              22.919759
            ],
            [
              72.540388,
              22.91905
            ],
            [
              72.542058,
              22.920247
            ],
            [
              72.542742,
              22.920749
            ],
            [
              72.542876,
              22.920847
            ],
            [
              72.544827,
              22.921535
            ],
            [
              72.547687,
              22.922324
            ],
            [
              72.548912,
              22.921745
            ],
            [
              72.550996,
              22.920591
            ],
            [
              72.551996,
              22.920006
            ],
            [
              72.55353,
              22.919123
            ],
            [
              72.554865,
              22.918592
            ],
            [
              72.556455,
              22.918139
            ],
            [
              72.55722,
              22.917877
            ],
            [
              72.559464,
              22.915211
            ],
            [
              72.560244,
              22.914391
            ],
            [
              72.563342,
              22.915623
            ],
            [
              72.564344,
              22.916177
            ],
            [
              72.567015,
              22.915075
            ],
            [
              72.56703,
              22.914241
            ],
            [
              72.5675,
              22.913949
            ],
            [
              72.568123,
              22.914053
            ],
            [
              72.568584,
              22.914128
            ],
            [
              72.56903,
              22.914325
            ],
            [
              72.569987,
              22.914216
            ],
            [
              72.570328,
              22.914475
            ],
            [
              72.570567,
              22.914846
            ],
            [
              72.570992,
              22.914894
            ],
            [
              72.571776,
              22.914943
            ],
            [
              72.5721,
              22.916127
            ],
            [
              72.572461,
              22.917001
            ],
            [
              72.57271,
              22.917508
            ],
            [
              72.573013,
              22.917844
            ],
            [
              72.573334,
              22.917803
            ],
            [
              72.573485,
              22.917832
            ],
            [
              72.573583,
              22.918541
            ],
            [
              72.573813,
              22.919584
            ],
            [
              72.573899,
              22.920062
            ],
            [
              72.573962,
              22.920934
            ],
            [
              72.574113,
              22.921175
            ],
            [
              72.576455,
              22.922946
            ],
            [
              72.576904,
              22.922978
            ],
            [
              72.577136,
              22.922729
            ],
            [
              72.577316,
              22.922747
            ],
            [
              72.578776,
              22.923277
            ],
            [
              72.579674,
              22.923577
            ],
            [
              72.580269,
              22.923902
            ],
            [
              72.580612,
              22.924152
            ],
            [
              72.581411,
              22.924588
            ],
            [
              72.5819,
              22.924741
            ],
            [
              72.582492,
              22.924944
            ],
            [
              72.583005,
              22.92519
            ],
            [
              72.583498,
              22.925537
            ],
            [
              72.585291,
              22.926753
            ],
            [
              72.586211,
              22.927098
            ],
            [
              72.586945,
              22.929002
            ],
            [
              72.587398,
              22.929193
            ],
            [
              72.587639,
              22.92938
            ],
            [
              72.588177,
              22.929762
            ],
            [
              72.587699,
              22.930481
            ],
            [
              72.588154,
              22.930534
            ],
            [
              72.588327,
              22.930575
            ],
            [
              72.588622,
              22.930794
            ],
            [
              72.588808,
              22.930952
            ],
            [
              72.589547,
              22.931232
            ],
            [
              72.589551,
              22.931614
            ],
            [
              72.589554,
              22.931843
            ],
            [
              72.589725,
              22.931867
            ],
            [
              72.58976,
              22.931887
            ],
            [
              72.590372,
              22.931975
            ],
            [
              72.590482,
              22.931953
            ],
            [
              72.59126,
              22.932026
            ],
            [
              72.591303,
              22.932076
            ],
            [
              72.591296,
              22.932419
            ],
            [
              72.591819,
              22.932483
            ],
            [
              72.592612,
              22.93252
            ],
            [
              72.592534,
              22.932222
            ],
            [
              72.592559,
              22.931889
            ],
            [
              72.592543,
              22.931888
            ],
            [
              72.592453,
              22.931873
            ],
            [
              72.592282,
              22.931838
            ],
            [
              72.592017,
              22.931654
            ],
            [
              72.591909,
              22.931392
            ],
            [
              72.591809,
              22.931259
            ],
            [
              72.591828,
              22.93093
            ],
            [
              72.591857,
              22.930774
            ],
            [
              72.591824,
              22.930772
            ],
            [
              72.591887,
              22.930435
            ],
            [
              72.591956,
              22.929705
            ],
            [
              72.591878,
              22.929127
            ],
            [
              72.591771,
              22.928772
            ],
            [
              72.591745,
              22.92797
            ],
            [
              72.591653,
              22.927383
            ],
            [
              72.591626,
              22.927188
            ],
            [
              72.591467,
              22.926389
            ],
            [
              72.591343,
              22.925708
            ],
            [
              72.591284,
              22.925402
            ],
            [
              72.591213,
              22.925085
            ],
            [
              72.591092,
              22.924415
            ],
            [
              72.591021,
              22.924001
            ],
            [
              72.591027,
              22.922948
            ],
            [
              72.591028,
              22.92263
            ],
            [
              72.591864,
              22.922636
            ],
            [
              72.591849,
              22.922294
            ],
            [
              72.59213,
              22.92227
            ],
            [
              72.592438,
              22.922267
            ],
            [
              72.592915,
              22.922218
            ],
            [
              72.593303,
              22.922119
            ],
            [
              72.593871,
              22.922137
            ],
            [
              72.594384,
              22.922138
            ],
            [
              72.594278,
              22.922053
            ],
            [
              72.59433,
              22.921993
            ],
            [
              72.594477,
              22.921966
            ],
            [
              72.594659,
              22.92198
            ],
            [
              72.594617,
              22.921519
            ],
            [
              72.594906,
              22.921473
            ],
            [
              72.595022,
              22.92191
            ],
            [
              72.595652,
              22.921918
            ],
            [
              72.595751,
              22.92223
            ],
            [
              72.596198,
              22.922349
            ],
            [
              72.596295,
              22.922332
            ],
            [
              72.596802,
              22.922737
            ],
            [
              72.597108,
              22.922704
            ],
            [
              72.597388,
              22.922728
            ],
            [
              72.597763,
              22.922732
            ],
            [
              72.598462,
              22.922749
            ],
            [
              72.598629,
              22.922764
            ],
            [
              72.598896,
              22.922788
            ],
            [
              72.598935,
              22.923744
            ],
            [
              72.599147,
              22.923733
            ],
            [
              72.599191,
              22.924436
            ],
            [
              72.599265,
              22.925167
            ],
            [
              72.599292,
              22.925461
            ],
            [
              72.599194,
              22.92584
            ],
            [
              72.599363,
              22.926569
            ],
            [
              72.599436,
              22.926952
            ],
            [
              72.59908,
              22.927087
            ],
            [
              72.599165,
              22.927565
            ],
            [
              72.599219,
              22.9278
            ],
            [
              72.599523,
              22.927738
            ],
            [
              72.599591,
              22.928541
            ],
            [
              72.599079,
              22.928606
            ],
            [
              72.599224,
              22.9295
            ],
            [
              72.59917,
              22.929504
            ],
            [
              72.599274,
              22.930018
            ],
            [
              72.599298,
              22.93026
            ],
            [
              72.599424,
              22.93025
            ],
            [
              72.599627,
              22.931173
            ],
            [
              72.599755,
              22.931789
            ],
            [
              72.599805,
              22.932067
            ],
            [
              72.599807,
              22.932302
            ],
            [
              72.600237,
              22.932433
            ],
            [
              72.600733,
              22.932311
            ],
            [
              72.601323,
              22.932249
            ],
            [
              72.601714,
              22.932256
            ],
            [
              72.601975,
              22.932261
            ],
            [
              72.603164,
              22.933015
            ],
            [
              72.603274,
              22.933014
            ],
            [
              72.604644,
              22.933094
            ],
            [
              72.604965,
              22.932568
            ],
            [
              72.605301,
              22.932031
            ],
            [
              72.606184,
              22.930477
            ],
            [
              72.608839,
              22.93114
            ],
            [
              72.608768,
              22.933864
            ],
            [
              72.608684,
              22.935479
            ],
            [
              72.608603,
              22.937283
            ],
            [
              72.608239,
              22.941239
            ],
            [
              72.607991,
              22.944328
            ],
            [
              72.60779,
              22.946325
            ],
            [
              72.607609,
              22.946997
            ],
            [
              72.606857,
              22.949382
            ],
            [
              72.6075,
              22.949615
            ],
            [
              72.60872,
              22.950002
            ],
            [
              72.608701,
              22.950076
            ],
            [
              72.608466,
              22.950659
            ],
            [
              72.60829,
              22.951095
            ],
            [
              72.608224,
              22.951259
            ],
            [
              72.608266,
              22.951332
            ],
            [
              72.608279,
              22.95154
            ],
            [
              72.608245,
              22.951764
            ],
            [
              72.608215,
              22.951965
            ],
            [
              72.608181,
              22.952188
            ],
            [
              72.608172,
              22.952373
            ],
            [
              72.608158,
              22.952665
            ],
            [
              72.608154,
              22.952956
            ],
            [
              72.608218,
              22.952968
            ],
            [
              72.608295,
              22.95334
            ],
            [
              72.608369,
              22.953699
            ],
            [
              72.608429,
              22.953985
            ],
            [
              72.608477,
              22.954203
            ],
            [
              72.608068,
              22.954207
            ],
            [
              72.608047,
              22.954431
            ],
            [
              72.608144,
              22.954457
            ],
            [
              72.6083,
              22.954623
            ],
            [
              72.608421,
              22.954625
            ],
            [
              72.608382,
              22.954888
            ],
            [
              72.608379,
              22.955077
            ],
            [
              72.608315,
              22.955268
            ],
            [
              72.608218,
              22.955357
            ],
            [
              72.609102,
              22.955411
            ],
            [
              72.609088,
              22.955358
            ],
            [
              72.609097,
              22.955208
            ],
            [
              72.609467,
              22.955168
            ],
            [
              72.609586,
              22.954854
            ],
            [
              72.609863,
              22.9548
            ],
            [
              72.610479,
              22.954939
            ],
            [
              72.611122,
              22.954956
            ],
            [
              72.611306,
              22.954936
            ],
            [
              72.612369,
              22.955024
            ],
            [
              72.612105,
              22.955786
            ],
            [
              72.612099,
              22.95607
            ],
            [
              72.612122,
              22.956698
            ],
            [
              72.6121,
              22.957275
            ],
            [
              72.612434,
              22.9575
            ],
            [
              72.612397,
              22.957722
            ],
            [
              72.611623,
              22.959058
            ],
            [
              72.611382,
              22.959663
            ],
            [
              72.61083,
              22.959696
            ],
            [
              72.609811,
              22.959852
            ],
            [
              72.609042,
              22.960004
            ],
            [
              72.608094,
              22.960208
            ],
            [
              72.607052,
              22.960433
            ],
            [
              72.605932,
              22.960696
            ],
            [
              72.606504,
              22.961933
            ],
            [
              72.606903,
              22.963285
            ],
            [
              72.60727,
              22.965147
            ],
            [
              72.607518,
              22.966352
            ],
            [
              72.607796,
              22.967284
            ],
            [
              72.607798,
              22.967291
            ],
            [
              72.607831,
              22.9674
            ],
            [
              72.607819,
              22.967422
            ],
            [
              72.60624,
              22.970088
            ],
            [
              72.605977,
              22.970542
            ],
            [
              72.604596,
              22.972365
            ],
            [
              72.604567,
              22.972402
            ],
            [
              72.604446,
              22.972336
            ],
            [
              72.603904,
              22.972166
            ],
            [
              72.603392,
              22.971982
            ],
            [
              72.602965,
              22.9718
            ],
            [
              72.60291,
              22.971777
            ],
            [
              72.602773,
              22.971747
            ],
            [
              72.602044,
              22.971512
            ],
            [
              72.600834,
              22.971031
            ],
            [
              72.600588,
              22.970883
            ],
            [
              72.599688,
              22.970652
            ],
            [
              72.599716,
              22.970931
            ],
            [
              72.599707,
              22.971619
            ],
            [
              72.599697,
              22.972115
            ],
            [
              72.599589,
              22.973379
            ],
            [
              72.5992,
              22.97456
            ],
            [
              72.599086,
              22.975033
            ],
            [
              72.596203,
              22.974219
            ],
            [
              72.593267,
              22.973362
            ],
            [
              72.590954,
              22.973059
            ],
            [
              72.588288,
              22.972855
            ]
          ]
        ]
      },
      "properties": {
        "zone_id": "ward-46",
        "name": "Lambha",
        "ward_number": 46,
        "center_lat": 22.950025,
        "center_lon": 72.564918,
        "area_km2": 48.2123,
        "geometry_source": "amc_ward_boundary"
      }
    },
    {
      "type": "Feature",
      "id": "ward-45",
      "geometry": {
        "type": "Polygon",
        "coordinates": [
          [
            [
              72.6039,
              22.9886
            ],
            [
              72.603732,
              22.988627
            ],
            [
              72.603613,
              22.988646
            ],
            [
              72.599203,
              22.98882
            ],
            [
              72.596156,
              22.988902
            ],
            [
              72.595991,
              22.988906
            ],
            [
              72.595967,
              22.988767
            ],
            [
              72.595958,
              22.988711
            ],
            [
              72.595979,
              22.98866
            ],
            [
              72.596491,
              22.987408
            ],
            [
              72.596593,
              22.987145
            ],
            [
              72.596415,
              22.987111
            ],
            [
              72.596074,
              22.987048
            ],
            [
              72.595035,
              22.98679
            ],
            [
              72.594413,
              22.986633
            ],
            [
              72.594131,
              22.98673
            ],
            [
              72.59299,
              22.986643
            ],
            [
              72.592198,
              22.986583
            ],
            [
              72.591945,
              22.985707
            ],
            [
              72.591412,
              22.984863
            ],
            [
              72.591103,
              22.984396
            ],
            [
              72.590742,
              22.984028
            ],
            [
              72.589368,
              22.983184
            ],
            [
              72.588658,
              22.98288
            ],
            [
              72.58784,
              22.98253
            ],
            [
              72.585361,
              22.982999
            ],
            [
              72.585444,
              22.9823
            ],
            [
              72.585753,
              22.981208
            ],
            [
              72.585846,
              22.979617
            ],
            [
              72.585694,
              22.979187
            ],
            [
              72.586005,
              22.978241
            ],
            [
              72.587267,
              22.975278
            ],
            [
              72.588076,
              22.97296
            ],
            [
              72.588105,
              22.972877
            ],
            [
              72.588266,
              22.972884
            ],
            [
              72.590932,
              22.973088
            ],
            [
              72.593245,
              22.973391
            ],
            [
              72.596181,
              22.974248
            ],
            [
              72.599064,
              22.975062
            ],
            [
              72.599178,
              22.974589
            ],
            [
              72.599567,
              22.973408
            ],
            [
              72.599675,
              22.972144
            ],
            [
              72.599685,
              22.971648
            ],
            [
              72.599694,
              22.97096
            ],
            [
              72.599666,
              22.970681
            ],
            [
              72.600566,
              22.970912
            ],
            [
              72.600812,
              22.97106
            ],
            [
              72.602022,
              22.971541
            ],
            [
              72.602751,
              22.971776
            ],
            [
              72.602888,
              22.971806
            ],
            [
              72.602943,
              22.971829
            ],
            [
              72.60337,
              22.972011
            ],
            [
              72.603882,
              22.972195
            ],
            [
              72.604424,
              22.972365
            ],
            [
              72.604545,
              22.972431
            ],
            [
              72.604574,
              22.972394
            ],
            [
              72.605955,
              22.970571
            ],
            [
              72.606218,
              22.970117
            ],
            [
              72.607797,
              22.967451
            ],
            [
              72.607809,
              22.967429
            ],
            [
              72.608248,
              22.968294
            ],
            [
              72.609765,
              22.970956
            ],
            [
              72.610599,
              22.972711
            ],
            [
              72.610784,
              22.975093
            ],
            [
              72.610806,
              22.978602
            ],
            [
              72.61096,
              22.97877
            ],
            [
              72.611165,
              22.979045
            ],
            [
              72.6112,
              22.979851
            ],
            [
              72.611325,
              22.981641
            ],
            [
              72.611412,
              22.983761
            ],
            [
              72.611459,
              22.986354
            ],
            [
              72.611383,
              22.987011
            ],
            [
              72.609839,
              22.987243
            ],
            [
              72.609198,
              22.987317
            ],
            [
              72.6039,
              22.9886
            ]
          ]
        ]
      },
      "properties": {
        "zone_id": "ward-45",
        "name": "Isanpur",
        "ward_number": 45,
        "center_lat": 22.979768,
        "center_lon": 72.600027,
        "area_km2": 4.0979,
        "geometry_source": "amc_ward_boundary"
      }
    },
    {
      "type": "Feature",
      "id": "ward-44",
      "geometry": {
        "type": "Polygon",
        "coordinates": [
          [
            [
              72.608129,
              23.013945
            ],
            [
              72.607072,
              23.014415
            ],
            [
              72.607076,
              23.013341
            ],
            [
              72.606341,
              23.013545
            ],
            [
              72.604766,
              23.013467
            ],
            [
              72.604925,
              23.013071
            ],
            [
              72.606052,
              23.010539
            ],
            [
              72.607142,
              23.008127
            ],
            [
              72.607448,
              23.007645
            ],
            [
              72.608082,
              23.006037
            ],
            [
              72.609663,
              23.002568
            ],
            [
              72.612695,
              22.995806
            ],
            [
              72.613552,
              22.993944
            ],
            [
              72.6146,
              22.991423
            ],
            [
              72.614838,
              22.990802
            ],
            [
              72.614858,
              22.990749
            ],
            [
              72.614844,
              22.99075
            ],
            [
              72.614492,
              22.990766
            ],
            [
              72.613967,
              22.990816
            ],
            [
              72.613146,
              22.991075
            ],
            [
              72.612188,
              22.991351
            ],
            [
              72.61118,
              22.991715
            ],
            [
              72.610867,
              22.991887
            ],
            [
              72.610337,
              22.990464
            ],
            [
              72.610533,
              22.990419
            ],
            [
              72.610188,
              22.989106
            ],
            [
              72.609943,
              22.989013
            ],
            [
              72.610261,
              22.988612
            ],
            [
              72.610625,
              22.988501
            ],
            [
              72.610811,
              22.98848
            ],
            [
              72.61092,
              22.988122
            ],
            [
              72.61127,
              22.987785
            ],
            [
              72.611363,
              22.987498
            ],
            [
              72.611405,
              22.986972
            ],
            [
              72.611481,
              22.986315
            ],
            [
              72.611434,
              22.983722
            ],
            [
              72.611347,
              22.981602
            ],
            [
              72.611222,
              22.979812
            ],
            [
              72.611187,
              22.979006
            ],
            [
              72.610982,
              22.978731
            ],
            [
              72.613416,
              22.979261
            ],
            [
              72.614801,
              22.979606
            ],
            [
              72.617491,
              22.980571
            ],
            [
              72.61911,
              22.981335
            ],
            [
              72.619417,
              22.981479
            ],
            [
              72.620116,
              22.981704
            ],
            [
              72.621386,
              22.98228
            ],
            [
              72.622459,
              22.98278
            ],
            [
              72.623227,
              22.983277
            ],
            [
              72.624099,
              22.984066
            ],
            [
              72.624823,
              22.984732
            ],
            [
              72.623956,
              22.984881
            ],
            [
              72.623485,
              22.984948
            ],
            [
              72.622447,
              22.985096
            ],
            [
              72.62086,
              22.985264
            ],
            [
              72.620553,
              22.985261
            ],
            [
              72.620416,
              22.985564
            ],
            [
              72.620122,
              22.986736
            ],
            [
              72.619777,
              22.987125
            ],
            [
              72.618182,
              22.987869
            ],
            [
              72.617557,
              22.988046
            ],
            [
              72.61899,
              22.989651
            ],
            [
              72.620834,
              22.991894
            ],
            [
              72.621048,
              22.991726
            ],
            [
              72.621614,
              22.991681
            ],
            [
              72.623388,
              22.991525
            ],
            [
              72.623391,
              22.991861
            ],
            [
              72.623541,
              22.994437
            ],
            [
              72.624675,
              22.994047
            ],
            [
              72.625311,
              22.993805
            ],
            [
              72.625963,
              22.993788
            ],
            [
              72.625944,
              22.995522
            ],
            [
              72.626113,
              22.996901
            ],
            [
              72.626343,
              22.997297
            ],
            [
              72.625694,
              22.997768
            ],
            [
              72.625273,
              22.998203
            ],
            [
              72.624786,
              22.998665
            ],
            [
              72.624652,
              22.998882
            ],
            [
              72.624595,
              22.999204
            ],
            [
              72.624435,
              22.999414
            ],
            [
              72.624309,
              22.999855
            ],
            [
              72.624345,
              23.000102
            ],
            [
              72.624364,
              23.000408
            ],
            [
              72.624409,
              23.000732
            ],
            [
              72.624362,
              23.000887
            ],
            [
              72.624213,
              23.001438
            ],
            [
              72.624073,
              23.001987
            ],
            [
              72.623986,
              23.002132
            ],
            [
              72.623928,
              23.002303
            ],
            [
              72.623805,
              23.002633
            ],
            [
              72.623683,
              23.002697
            ],
            [
              72.623622,
              23.002875
            ],
            [
              72.623624,
              23.003327
            ],
            [
              72.623529,
              23.003529
            ],
            [
              72.623118,
              23.003529
            ],
            [
              72.623081,
              23.003645
            ],
            [
              72.622537,
              23.003651
            ],
            [
              72.62076,
              23.004169
            ],
            [
              72.620636,
              23.003876
            ],
            [
              72.620276,
              23.004009
            ],
            [
              72.619816,
              23.002712
            ],
            [
              72.619804,
              23.002059
            ],
            [
              72.619372,
              23.001913
            ],
            [
              72.619108,
              23.001885
            ],
            [
              72.618504,
              23.001835
            ],
            [
              72.616915,
              23.001978
            ],
            [
              72.614321,
              23.002341
            ],
            [
              72.614817,
              23.003594
            ],
            [
              72.615267,
              23.004725
            ],
            [
              72.615208,
              23.004764
            ],
            [
              72.614887,
              23.004951
            ],
            [
              72.614152,
              23.005403
            ],
            [
              72.614119,
              23.005557
            ],
            [
              72.613887,
              23.005834
            ],
            [
              72.613428,
              23.006143
            ],
            [
              72.613739,
              23.006697
            ],
            [
              72.614274,
              23.007557
            ],
            [
              72.615194,
              23.008303
            ],
            [
              72.61569,
              23.0087
            ],
            [
              72.616188,
              23.009458
            ],
            [
              72.616669,
              23.010652
            ],
            [
              72.615528,
              23.010698
            ],
            [
              72.613493,
              23.010445
            ],
            [
              72.612276,
              23.010296
            ],
            [
              72.611007,
              23.010266
            ],
            [
              72.609476,
              23.01031
            ],
            [
              72.609007,
              23.012272
            ],
            [
              72.609199,
              23.013715
            ],
            [
              72.608129,
              23.013945
            ]
          ]
        ]
      },
      "properties": {
        "zone_id": "ward-44",
        "name": "Khokhra",
        "ward_number": 44,
        "center_lat": 22.995658,
        "center_lon": 72.61593,
        "area_km2": 3.5933,
        "geometry_source": "amc_ward_boundary"
      }
    },
    {
      "type": "Feature",
      "id": "ward-43",
      "geometry": {
        "type": "Polygon",
        "coordinates": [
          [
            [
              72.62793,
              23.004261
            ],
            [
              72.627159,
              23.004489
            ],
            [
              72.627143,
              23.004414
            ],
            [
              72.62676,
              23.003144
            ],
            [
              72.626423,
              23.002237
            ],
            [
              72.626216,
              23.001817
            ],
            [
              72.625685,
              23.000781
            ],
            [
              72.624792,
              22.999185
            ],
            [
              72.624659,
              22.999164
            ],
            [
              72.624716,
              22.998842
            ],
            [
              72.62485,
              22.998625
            ],
            [
              72.625337,
              22.998164
            ],
            [
              72.625758,
              22.997729
            ],
            [
              72.626407,
              22.997257
            ],
            [
              72.626177,
              22.996862
            ],
            [
              72.626008,
              22.995483
            ],
            [
              72.626027,
              22.993748
            ],
            [
              72.625375,
              22.993765
            ],
            [
              72.624739,
              22.994007
            ],
            [
              72.623605,
              22.994398
            ],
            [
              72.623455,
              22.991822
            ],
            [
              72.623452,
              22.991485
            ],
            [
              72.621678,
              22.991642
            ],
            [
              72.621112,
              22.991687
            ],
            [
              72.620898,
              22.991854
            ],
            [
              72.619054,
              22.989611
            ],
            [
              72.617621,
              22.988007
            ],
            [
              72.618246,
              22.98783
            ],
            [
              72.619841,
              22.987085
            ],
            [
              72.620186,
              22.986697
            ],
            [
              72.62048,
              22.985525
            ],
            [
              72.620617,
              22.985222
            ],
            [
              72.620924,
              22.985225
            ],
            [
              72.622511,
              22.985056
            ],
            [
              72.623549,
              22.984908
            ],
            [
              72.62402,
              22.984842
            ],
            [
              72.624887,
              22.984693
            ],
            [
              72.628578,
              22.988084
            ],
            [
              72.631008,
              22.990551
            ],
            [
              72.632293,
              22.991788
            ],
            [
              72.633007,
              22.992878
            ],
            [
              72.633244,
              22.993375
            ],
            [
              72.633879,
              22.995027
            ],
            [
              72.635544,
              22.999927
            ],
            [
              72.636405,
              23.002437
            ],
            [
              72.634698,
              23.002637
            ],
            [
              72.633545,
              23.002837
            ],
            [
              72.63192,
              23.003159
            ],
            [
              72.631876,
              23.003553
            ],
            [
              72.631865,
              23.003653
            ],
            [
              72.631095,
              23.00384
            ],
            [
              72.630773,
              23.004034
            ],
            [
              72.630012,
              23.003981
            ],
            [
              72.629594,
              23.003998
            ],
            [
              72.628396,
              23.004161
            ],
            [
              72.62793,
              23.004261
            ]
          ]
        ]
      },
      "properties": {
        "zone_id": "ward-43",
        "name": "Bhaipura Hatkeshwar",
        "ward_number": 43,
        "center_lat": 22.994524,
        "center_lon": 72.627887,
        "area_km2": 1.9443,
        "geometry_source": "amc_ward_boundary"
      }
    },
    {
      "type": "Feature",
      "id": "ward-42",
      "geometry": {
        "type": "Polygon",
        "coordinates": [
          [
            [
              72.640741,
              23.014899
            ],
            [
              72.638987,
              23.014501
            ],
            [
              72.638636,
              23.014497
            ],
            [
              72.638744,
              23.013403
            ],
            [
              72.638666,
              23.01125
            ],
            [
              72.638631,
              23.01028
            ],
            [
              72.638498,
              23.009132
            ],
            [
              72.638024,
              23.007392
            ],
            [
              72.637982,
              23.007239
            ],
            [
              72.63706,
              23.005081
            ],
            [
              72.636895,
              23.004977
            ],
            [
              72.636713,
              23.004999
            ],
            [
              72.634998,
              23.005603
            ],
            [
              72.631434,
              23.006661
            ],
            [
              72.630169,
              23.007046
            ],
            [
              72.629119,
              23.007433
            ],
            [
              72.628065,
              23.007856
            ],
            [
              72.627848,
              23.007871
            ],
            [
              72.627619,
              23.007767
            ],
            [
              72.627491,
              23.007141
            ],
            [
              72.62732,
              23.006111
            ],
            [
              72.627157,
              23.004937
            ],
            [
              72.627052,
              23.00443
            ],
            [
              72.627823,
              23.004201
            ],
            [
              72.628289,
              23.004102
            ],
            [
              72.629487,
              23.003938
            ],
            [
              72.629905,
              23.003922
            ],
            [
              72.630666,
              23.003975
            ],
            [
              72.630988,
              23.003781
            ],
            [
              72.631758,
              23.003593
            ],
            [
              72.631769,
              23.003493
            ],
            [
              72.631813,
              23.0031
            ],
            [
              72.633438,
              23.002777
            ],
            [
              72.634591,
              23.002577
            ],
            [
              72.636298,
              23.002378
            ],
            [
              72.635437,
              22.999868
            ],
            [
              72.633772,
              22.994968
            ],
            [
              72.633137,
              22.993315
            ],
            [
              72.6329,
              22.992819
            ],
            [
              72.632186,
              22.991728
            ],
            [
              72.630901,
              22.990492
            ],
            [
              72.628471,
              22.988025
            ],
            [
              72.628838,
              22.987981
            ],
            [
              72.632271,
              22.986058
            ],
            [
              72.636681,
              22.98361
            ],
            [
              72.636955,
              22.983835
            ],
            [
              72.6372,
              22.985028
            ],
            [
              72.637342,
              22.986591
            ],
            [
              72.637447,
              22.987186
            ],
            [
              72.637952,
              22.987184
            ],
            [
              72.638818,
              22.987168
            ],
            [
              72.639087,
              22.987371
            ],
            [
              72.639448,
              22.987823
            ],
            [
              72.639787,
              22.988384
            ],
            [
              72.640023,
              22.988761
            ],
            [
              72.64029,
              22.988862
            ],
            [
              72.640191,
              22.989432
            ],
            [
              72.64043,
              22.989684
            ],
            [
              72.640865,
              22.989523
            ],
            [
              72.64077,
              22.990605
            ],
            [
              72.640492,
              22.991116
            ],
            [
              72.639421,
              22.991929
            ],
            [
              72.638956,
              22.992915
            ],
            [
              72.638864,
              22.994116
            ],
            [
              72.639124,
              22.994729
            ],
            [
              72.639605,
              22.995065
            ],
            [
              72.641293,
              22.995072
            ],
            [
              72.642451,
              22.995203
            ],
            [
              72.64327,
              22.995698
            ],
            [
              72.644423,
              22.996495
            ],
            [
              72.644785,
              22.996856
            ],
            [
              72.645683,
              22.99775
            ],
            [
              72.645759,
              22.997935
            ],
            [
              72.645764,
              22.998026
            ],
            [
              72.64577,
              22.998117
            ],
            [
              72.645769,
              22.998683
            ],
            [
              72.645669,
              23.000083
            ],
            [
              72.645569,
              23.001482
            ],
            [
              72.645258,
              23.003132
            ],
            [
              72.644558,
              23.003911
            ],
            [
              72.644294,
              23.004327
            ],
            [
              72.64418,
              23.004506
            ],
            [
              72.64338,
              23.005464
            ],
            [
              72.643396,
              23.005511
            ],
            [
              72.643403,
              23.005534
            ],
            [
              72.643427,
              23.005544
            ],
            [
              72.645112,
              23.006287
            ],
            [
              72.64534,
              23.006398
            ],
            [
              72.646202,
              23.006929
            ],
            [
              72.646971,
              23.007284
            ],
            [
              72.648927,
              23.008708
            ],
            [
              72.649466,
              23.009095
            ],
            [
              72.650124,
              23.009838
            ],
            [
              72.650237,
              23.009964
            ],
            [
              72.650463,
              23.010047
            ],
            [
              72.650971,
              23.010185
            ],
            [
              72.651311,
              23.010208
            ],
            [
              72.651491,
              23.010192
            ],
            [
              72.651685,
              23.010213
            ],
            [
              72.653043,
              23.010293
            ],
            [
              72.653447,
              23.010321
            ],
            [
              72.649914,
              23.01154
            ],
            [
              72.648029,
              23.012117
            ],
            [
              72.645142,
              23.013176
            ],
            [
              72.645087,
              23.013285
            ],
            [
              72.645038,
              23.013461
            ],
            [
              72.644944,
              23.014613
            ],
            [
              72.643996,
              23.014652
            ],
            [
              72.643286,
              23.01467
            ],
            [
              72.642859,
              23.014707
            ],
            [
              72.64197,
              23.014743
            ],
            [
              72.641969,
              23.014938
            ],
            [
              72.641802,
              23.014872
            ],
            [
              72.640741,
              23.014899
            ]
          ]
        ]
      },
      "properties": {
        "zone_id": "ward-42",
        "name": "Indrapuri",
        "ward_number": 42,
        "center_lat": 23.0007,
        "center_lon": 72.638966,
        "area_km2": 3.3261,
        "geometry_source": "amc_ward_boundary"
      }
    },
    {
      "type": "Feature",
      "id": "ward-41",
      "geometry": {
        "type": "Polygon",
        "coordinates": [
          [
            [
              72.674647,
              23.019944
            ],
            [
              72.674618,
              23.020128
            ],
            [
              72.674434,
              23.020437
            ],
            [
              72.674209,
              23.020674
            ],
            [
              72.674067,
              23.020824
            ],
            [
              72.673247,
              23.020536
            ],
            [
              72.672573,
              23.020395
            ],
            [
              72.672128,
              23.02026
            ],
            [
              72.671552,
              23.02009
            ],
            [
              72.671333,
              23.019368
            ],
            [
              72.669724,
              23.018943
            ],
            [
              72.669503,
              23.019292
            ],
            [
              72.668645,
              23.019136
            ],
            [
              72.668505,
              23.019787
            ],
            [
              72.668481,
              23.019897
            ],
            [
              72.667292,
              23.019652
            ],
            [
              72.667058,
              23.019697
            ],
            [
              72.666649,
              23.019496
            ],
            [
              72.666159,
              23.01923
            ],
            [
              72.665544,
              23.019054
            ],
            [
              72.664911,
              23.018922
            ],
            [
              72.664796,
              23.018898
            ],
            [
              72.664717,
              23.018888
            ],
            [
              72.663799,
              23.018771
            ],
            [
              72.663397,
              23.018719
            ],
            [
              72.662648,
              23.018742
            ],
            [
              72.662319,
              23.01876
            ],
            [
              72.661928,
              23.018728
            ],
            [
              72.661671,
              23.018764
            ],
            [
              72.661267,
              23.018702
            ],
            [
              72.661091,
              23.018674
            ],
            [
              72.660881,
              23.018642
            ],
            [
              72.660721,
              23.018618
            ],
            [
              72.660626,
              23.018604
            ],
            [
              72.660546,
              23.018771
            ],
            [
              72.660373,
              23.018743
            ],
            [
              72.660198,
              23.018714
            ],
            [
              72.660035,
              23.018687
            ],
            [
              72.659547,
              23.018605
            ],
            [
              72.659479,
              23.018594
            ],
            [
              72.659283,
              23.018562
            ],
            [
              72.659389,
              23.017034
            ],
            [
              72.6585,
              23.016929
            ],
            [
              72.658489,
              23.017758
            ],
            [
              72.658028,
              23.017769
            ],
            [
              72.65746,
              23.017782
            ],
            [
              72.657428,
              23.017784
            ],
            [
              72.657351,
              23.017782
            ],
            [
              72.656434,
              23.017774
            ],
            [
              72.655704,
              23.017778
            ],
            [
              72.655187,
              23.017768
            ],
            [
              72.655093,
              23.017767
            ],
            [
              72.654133,
              23.01775
            ],
            [
              72.653199,
              23.017748
            ],
            [
              72.653299,
              23.017564
            ],
            [
              72.65357,
              23.017069
            ],
            [
              72.653966,
              23.016344
            ],
            [
              72.654406,
              23.015397
            ],
            [
              72.65474,
              23.01465
            ],
            [
              72.654954,
              23.014211
            ],
            [
              72.655228,
              23.013651
            ],
            [
              72.655418,
              23.012716
            ],
            [
              72.654969,
              23.010516
            ],
            [
              72.653831,
              23.010413
            ],
            [
              72.653382,
              23.010381
            ],
            [
              72.652978,
              23.010352
            ],
            [
              72.65162,
              23.010272
            ],
            [
              72.651426,
              23.010251
            ],
            [
              72.651246,
              23.010268
            ],
            [
              72.650906,
              23.010244
            ],
            [
              72.650398,
              23.010106
            ],
            [
              72.650172,
              23.010023
            ],
            [
              72.650059,
              23.009898
            ],
            [
              72.649401,
              23.009155
            ],
            [
              72.648862,
              23.008768
            ],
            [
              72.646906,
              23.007344
            ],
            [
              72.646137,
              23.006988
            ],
            [
              72.645275,
              23.006457
            ],
            [
              72.645048,
              23.006346
            ],
            [
              72.643362,
              23.005603
            ],
            [
              72.643338,
              23.005593
            ],
            [
              72.643332,
              23.005571
            ],
            [
              72.643315,
              23.005523
            ],
            [
              72.644115,
              23.004565
            ],
            [
              72.644229,
              23.004386
            ],
            [
              72.644493,
              23.003971
            ],
            [
              72.645194,
              23.003191
            ],
            [
              72.645505,
              23.001541
            ],
            [
              72.645605,
              23.000142
            ],
            [
              72.645704,
              22.998742
            ],
            [
              72.645706,
              22.998176
            ],
            [
              72.6457,
              22.998085
            ],
            [
              72.647087,
              22.997605
            ],
            [
              72.647145,
              22.997584
            ],
            [
              72.647164,
              22.997639
            ],
            [
              72.647442,
              22.998458
            ],
            [
              72.647946,
              22.99792
            ],
            [
              72.650063,
              22.99566
            ],
            [
              72.653163,
              22.992387
            ],
            [
              72.653552,
              22.991985
            ],
            [
              72.655548,
              22.989925
            ],
            [
              72.662071,
              22.986118
            ],
            [
              72.664346,
              22.985931
            ],
            [
              72.664233,
              22.985208
            ],
            [
              72.664609,
              22.985111
            ],
            [
              72.666407,
              22.984489
            ],
            [
              72.666988,
              22.98378
            ],
            [
              72.667546,
              22.983731
            ],
            [
              72.669353,
              22.982567
            ],
            [
              72.67119,
              22.983252
            ],
            [
              72.671647,
              22.983396
            ],
            [
              72.672564,
              22.983549
            ],
            [
              72.672778,
              22.983673
            ],
            [
              72.672996,
              22.983788
            ],
            [
              72.673218,
              22.983898
            ],
            [
              72.673443,
              22.984001
            ],
            [
              72.673672,
              22.984098
            ],
            [
              72.673903,
              22.984186
            ],
            [
              72.674138,
              22.984269
            ],
            [
              72.674376,
              22.984345
            ],
            [
              72.674615,
              22.984416
            ],
            [
              72.674803,
              22.984459
            ],
            [
              72.674992,
              22.984497
            ],
            [
              72.675182,
              22.984531
            ],
            [
              72.675374,
              22.984557
            ],
            [
              72.675566,
              22.984576
            ],
            [
              72.675759,
              22.98459
            ],
            [
              72.675952,
              22.984597
            ],
            [
              72.676146,
              22.9846
            ],
            [
              72.67621,
              22.984655
            ],
            [
              72.676276,
              22.98471
            ],
            [
              72.676344,
              22.984762
            ],
            [
              72.676414,
              22.984811
            ],
            [
              72.676486,
              22.984859
            ],
            [
              72.67656,
              22.984904
            ],
            [
              72.676635,
              22.984948
            ],
            [
              72.676711,
              22.984987
            ],
            [
              72.676789,
              22.985025
            ],
            [
              72.676869,
              22.985062
            ],
            [
              72.67695,
              22.985094
            ],
            [
              72.677031,
              22.985125
            ],
            [
              72.677114,
              22.985153
            ],
            [
              72.677198,
              22.985178
            ],
            [
              72.677283,
              22.985201
            ],
            [
              72.677368,
              22.985222
            ],
            [
              72.677455,
              22.985239
            ],
            [
              72.677541,
              22.985253
            ],
            [
              72.677629,
              22.985266
            ],
            [
              72.677716,
              22.985276
            ],
            [
              72.677804,
              22.985281
            ],
            [
              72.677892,
              22.985285
            ],
            [
              72.677981,
              22.985287
            ],
            [
              72.678824,
              22.98676
            ],
            [
              72.681351,
              22.987724
            ],
            [
              72.681608,
              22.987824
            ],
            [
              72.68186,
              22.987931
            ],
            [
              72.682109,
              22.988045
            ],
            [
              72.682353,
              22.988169
            ],
            [
              72.68479,
              22.988609
            ],
            [
              72.685162,
              22.988523
            ],
            [
              72.686439,
              22.989729
            ],
            [
              72.686599,
              22.99012
            ],
            [
              72.686869,
              22.990751
            ],
            [
              72.686318,
              22.990955
            ],
            [
              72.686949,
              22.992014
            ],
            [
              72.686814,
              22.991989
            ],
            [
              72.686767,
              22.992386
            ],
            [
              72.687768,
              22.992708
            ],
            [
              72.688398,
              22.992922
            ],
            [
              72.688615,
              22.993091
            ],
            [
              72.688485,
              22.99324
            ],
            [
              72.688866,
              22.993942
            ],
            [
              72.688526,
              22.994691
            ],
            [
              72.688246,
              22.995203
            ],
            [
              72.688124,
              22.995673
            ],
            [
              72.688117,
              22.995764
            ],
            [
              72.688051,
              22.996253
            ],
            [
              72.688452,
              22.996696
            ],
            [
              72.689004,
              22.99754
            ],
            [
              72.689138,
              22.997796
            ],
            [
              72.689283,
              22.999202
            ],
            [
              72.689355,
              22.999713
            ],
            [
              72.689399,
              23.000055
            ],
            [
              72.689761,
              23.000456
            ],
            [
              72.68981,
              23.000719
            ],
            [
              72.690041,
              23.001009
            ],
            [
              72.690376,
              23.001214
            ],
            [
              72.691784,
              23.001731
            ],
            [
              72.692327,
              23.001977
            ],
            [
              72.692415,
              23.003031
            ],
            [
              72.693111,
              23.003301
            ],
            [
              72.692722,
              23.003823
            ],
            [
              72.691599,
              23.004247
            ],
            [
              72.690465,
              23.00481
            ],
            [
              72.690225,
              23.005191
            ],
            [
              72.689937,
              23.005229
            ],
            [
              72.68869,
              23.006158
            ],
            [
              72.687443,
              23.007086
            ],
            [
              72.686308,
              23.008159
            ],
            [
              72.685994,
              23.008419
            ],
            [
              72.685165,
              23.009533
            ],
            [
              72.684234,
              23.009898
            ],
            [
              72.684229,
              23.010676
            ],
            [
              72.683947,
              23.010673
            ],
            [
              72.683166,
              23.010639
            ],
            [
              72.683045,
              23.010735
            ],
            [
              72.683038,
              23.01195
            ],
            [
              72.682881,
              23.011927
            ],
            [
              72.682504,
              23.012753
            ],
            [
              72.682128,
              23.013662
            ],
            [
              72.682668,
              23.01446
            ],
            [
              72.681751,
              23.014685
            ],
            [
              72.681768,
              23.0154
            ],
            [
              72.682053,
              23.01561
            ],
            [
              72.682154,
              23.016071
            ],
            [
              72.682247,
              23.016547
            ],
            [
              72.682066,
              23.017774
            ],
            [
              72.681652,
              23.018293
            ],
            [
              72.681674,
              23.019098
            ],
            [
              72.681657,
              23.019375
            ],
            [
              72.681055,
              23.019499
            ],
            [
              72.679907,
              23.019738
            ],
            [
              72.679492,
              23.019772
            ],
            [
              72.679494,
              23.019839
            ],
            [
              72.678652,
              23.019897
            ],
            [
              72.678423,
              23.019913
            ],
            [
              72.678123,
              23.019862
            ],
            [
              72.677921,
              23.019828
            ],
            [
              72.67753,
              23.019779
            ],
            [
              72.676826,
              23.01968
            ],
            [
              72.67681,
              23.01962
            ],
            [
              72.676376,
              23.019476
            ],
            [
              72.675936,
              23.01934
            ],
            [
              72.675267,
              23.019341
            ],
            [
              72.674738,
              23.019372
            ],
            [
              72.674647,
              23.019944
            ]
          ]
        ]
      },
      "properties": {
        "zone_id": "ward-41",
        "name": "Vastral",
        "ward_number": 41,
        "center_lat": 23.002091,
        "center_lon": 72.668766,
        "area_km2": 13.5052,
        "geometry_source": "amc_ward_boundary"
      }
    },
    {
      "type": "Feature",
      "id": "ward-40",
      "geometry": {
        "type": "Polygon",
        "coordinates": [
          [
            [
              72.66042,
              23.032019
            ],
            [
              72.659968,
              23.032029
            ],
            [
              72.658784,
              23.032203
            ],
            [
              72.65636,
              23.032008
            ],
            [
              72.6545,
              23.031884
            ],
            [
              72.65301,
              23.031709
            ],
            [
              72.651751,
              23.031445
            ],
            [
              72.651585,
              23.031403
            ],
            [
              72.650618,
              23.031173
            ],
            [
              72.649557,
              23.030944
            ],
            [
              72.64896,
              23.030784
            ],
            [
              72.64863,
              23.030674
            ],
            [
              72.649029,
              23.029471
            ],
            [
              72.649073,
              23.0294
            ],
            [
              72.649275,
              23.029365
            ],
            [
              72.649412,
              23.029233
            ],
            [
              72.649576,
              23.028616
            ],
            [
              72.649596,
              23.027861
            ],
            [
              72.649592,
              23.027318
            ],
            [
              72.649526,
              23.02694
            ],
            [
              72.649328,
              23.026188
            ],
            [
              72.649172,
              23.025649
            ],
            [
              72.648968,
              23.02518
            ],
            [
              72.648657,
              23.024588
            ],
            [
              72.648549,
              23.024074
            ],
            [
              72.648413,
              23.022379
            ],
            [
              72.648306,
              23.022038
            ],
            [
              72.648181,
              23.021664
            ],
            [
              72.648086,
              23.021479
            ],
            [
              72.647831,
              23.021294
            ],
            [
              72.646009,
              23.020489
            ],
            [
              72.645235,
              23.020126
            ],
            [
              72.643284,
              23.018908
            ],
            [
              72.642351,
              23.018255
            ],
            [
              72.642179,
              23.017785
            ],
            [
              72.642098,
              23.017098
            ],
            [
              72.641947,
              23.014978
            ],
            [
              72.641948,
              23.014783
            ],
            [
              72.642837,
              23.014747
            ],
            [
              72.643264,
              23.01471
            ],
            [
              72.643974,
              23.014692
            ],
            [
              72.644922,
              23.014653
            ],
            [
              72.645016,
              23.013501
            ],
            [
              72.645065,
              23.013325
            ],
            [
              72.64512,
              23.013216
            ],
            [
              72.648007,
              23.012157
            ],
            [
              72.649892,
              23.01158
            ],
            [
              72.653425,
              23.010361
            ],
            [
              72.653874,
              23.010393
            ],
            [
              72.655012,
              23.010496
            ],
            [
              72.655461,
              23.012697
            ],
            [
              72.655271,
              23.013631
            ],
            [
              72.654997,
              23.014192
            ],
            [
              72.654783,
              23.01463
            ],
            [
              72.654449,
              23.015377
            ],
            [
              72.654009,
              23.016324
            ],
            [
              72.653613,
              23.017049
            ],
            [
              72.653342,
              23.017545
            ],
            [
              72.653242,
              23.017729
            ],
            [
              72.654176,
              23.01773
            ],
            [
              72.655136,
              23.017747
            ],
            [
              72.65523,
              23.017749
            ],
            [
              72.655747,
              23.017758
            ],
            [
              72.656477,
              23.017754
            ],
            [
              72.657394,
              23.017763
            ],
            [
              72.657471,
              23.017764
            ],
            [
              72.657503,
              23.017763
            ],
            [
              72.658071,
              23.01775
            ],
            [
              72.658532,
              23.017739
            ],
            [
              72.658543,
              23.01691
            ],
            [
              72.659432,
              23.017014
            ],
            [
              72.659326,
              23.018542
            ],
            [
              72.659522,
              23.018575
            ],
            [
              72.65959,
              23.018586
            ],
            [
              72.660078,
              23.018667
            ],
            [
              72.660241,
              23.018694
            ],
            [
              72.660416,
              23.018724
            ],
            [
              72.660589,
              23.018752
            ],
            [
              72.660669,
              23.018584
            ],
            [
              72.660764,
              23.018598
            ],
            [
              72.660924,
              23.018623
            ],
            [
              72.661134,
              23.018655
            ],
            [
              72.66131,
              23.018683
            ],
            [
              72.661714,
              23.018745
            ],
            [
              72.661971,
              23.018708
            ],
            [
              72.662362,
              23.018741
            ],
            [
              72.662691,
              23.018723
            ],
            [
              72.66344,
              23.0187
            ],
            [
              72.663842,
              23.018752
            ],
            [
              72.66476,
              23.018869
            ],
            [
              72.664839,
              23.018879
            ],
            [
              72.664954,
              23.018903
            ],
            [
              72.665587,
              23.019035
            ],
            [
              72.666202,
              23.01921
            ],
            [
              72.666692,
              23.019477
            ],
            [
              72.667101,
              23.019678
            ],
            [
              72.667335,
              23.019633
            ],
            [
              72.668524,
              23.019877
            ],
            [
              72.668548,
              23.019768
            ],
            [
              72.668688,
              23.019116
            ],
            [
              72.669546,
              23.019273
            ],
            [
              72.669767,
              23.018924
            ],
            [
              72.671376,
              23.019349
            ],
            [
              72.671595,
              23.02007
            ],
            [
              72.672171,
              23.02024
            ],
            [
              72.672616,
              23.020376
            ],
            [
              72.67329,
              23.020517
            ],
            [
              72.67411,
              23.020805
            ],
            [
              72.674252,
              23.020655
            ],
            [
              72.674477,
              23.020418
            ],
            [
              72.674661,
              23.020108
            ],
            [
              72.67469,
              23.019924
            ],
            [
              72.674781,
              23.019353
            ],
            [
              72.67531,
              23.019322
            ],
            [
              72.675979,
              23.01932
            ],
            [
              72.676419,
              23.019457
            ],
            [
              72.676853,
              23.0196
            ],
            [
              72.676869,
              23.019661
            ],
            [
              72.677573,
              23.019759
            ],
            [
              72.677964,
              23.019808
            ],
            [
              72.678166,
              23.019842
            ],
            [
              72.678466,
              23.019893
            ],
            [
              72.678695,
              23.019878
            ],
            [
              72.679537,
              23.01982
            ],
            [
              72.679535,
              23.019752
            ],
            [
              72.67995,
              23.019718
            ],
            [
              72.681098,
              23.019479
            ],
            [
              72.6817,
              23.019356
            ],
            [
              72.68192,
              23.019647
            ],
            [
              72.68242,
              23.020311
            ],
            [
              72.682571,
              23.020588
            ],
            [
              72.682706,
              23.020838
            ],
            [
              72.682979,
              23.020866
            ],
            [
              72.683013,
              23.021161
            ],
            [
              72.683043,
              23.021432
            ],
            [
              72.683354,
              23.021736
            ],
            [
              72.683374,
              23.021921
            ],
            [
              72.68358,
              23.022014
            ],
            [
              72.683694,
              23.022145
            ],
            [
              72.684061,
              23.022566
            ],
            [
              72.684157,
              23.022672
            ],
            [
              72.684708,
              23.023285
            ],
            [
              72.684661,
              23.023695
            ],
            [
              72.684621,
              23.024038
            ],
            [
              72.684644,
              23.024242
            ],
            [
              72.684647,
              23.024336
            ],
            [
              72.684662,
              23.024771
            ],
            [
              72.683594,
              23.024699
            ],
            [
              72.682951,
              23.024655
            ],
            [
              72.682186,
              23.024603
            ],
            [
              72.682011,
              23.024577
            ],
            [
              72.679796,
              23.024587
            ],
            [
              72.679321,
              23.024632
            ],
            [
              72.679303,
              23.024756
            ],
            [
              72.67911,
              23.026097
            ],
            [
              72.679088,
              23.026446
            ],
            [
              72.679008,
              23.02758
            ],
            [
              72.678508,
              23.027593
            ],
            [
              72.67659,
              23.027238
            ],
            [
              72.676204,
              23.027947
            ],
            [
              72.675522,
              23.027845
            ],
            [
              72.67493,
              23.027757
            ],
            [
              72.674491,
              23.027725
            ],
            [
              72.674198,
              23.027747
            ],
            [
              72.674184,
              23.027748
            ],
            [
              72.674147,
              23.027765
            ],
            [
              72.673746,
              23.027905
            ],
            [
              72.67383,
              23.028202
            ],
            [
              72.673965,
              23.028639
            ],
            [
              72.673845,
              23.028832
            ],
            [
              72.673621,
              23.029378
            ],
            [
              72.673568,
              23.029508
            ],
            [
              72.67335,
              23.030041
            ],
            [
              72.673147,
              23.030609
            ],
            [
              72.673093,
              23.030762
            ],
            [
              72.672869,
              23.031514
            ],
            [
              72.67272,
              23.031566
            ],
            [
              72.672081,
              23.031649
            ],
            [
              72.670617,
              23.031969
            ],
            [
              72.670362,
              23.032025
            ],
            [
              72.670056,
              23.032092
            ],
            [
              72.669752,
              23.032158
            ],
            [
              72.669481,
              23.032217
            ],
            [
              72.669204,
              23.032278
            ],
            [
              72.668991,
              23.032325
            ],
            [
              72.668639,
              23.032343
            ],
            [
              72.667249,
              23.032738
            ],
            [
              72.66531,
              23.032736
            ],
            [
              72.663483,
              23.032557
            ],
            [
              72.66297,
              23.032507
            ],
            [
              72.662287,
              23.032412
            ],
            [
              72.66105,
              23.032006
            ],
            [
              72.66042,
              23.032019
            ]
          ]
        ]
      },
      "properties": {
        "zone_id": "ward-40",
        "name": "Odhav",
        "ward_number": 40,
        "center_lat": 23.023265,
        "center_lon": 72.66118,
        "area_km2": 5.4776,
        "geometry_source": "amc_ward_boundary"
      }
    },
    {
      "type": "Feature",
      "id": "ward-39",
      "geometry": {
        "type": "Polygon",
        "coordinates": [
          [
            [
              72.621541,
              23.017154
            ],
            [
              72.62008,
              23.017343
            ],
            [
              72.616603,
              23.017138
            ],
            [
              72.614911,
              23.017218
            ],
            [
              72.613839,
              23.01729
            ],
            [
              72.613535,
              23.017138
            ],
            [
              72.613468,
              23.017109
            ],
            [
              72.61345,
              23.017096
            ],
            [
              72.613354,
              23.017025
            ],
            [
              72.613313,
              23.016995
            ],
            [
              72.613293,
              23.016958
            ],
            [
              72.613249,
              23.016878
            ],
            [
              72.613135,
              23.016714
            ],
            [
              72.613056,
              23.016618
            ],
            [
              72.612905,
              23.016387
            ],
            [
              72.612893,
              23.016368
            ],
            [
              72.612888,
              23.016267
            ],
            [
              72.61288,
              23.016076
            ],
            [
              72.614121,
              23.016045
            ],
            [
              72.616451,
              23.015829
            ],
            [
              72.616448,
              23.015318
            ],
            [
              72.61682,
              23.015099
            ],
            [
              72.618968,
              23.014158
            ],
            [
              72.618967,
              23.014157
            ],
            [
              72.61845,
              23.013116
            ],
            [
              72.615633,
              23.013163
            ],
            [
              72.615171,
              23.013216
            ],
            [
              72.615143,
              23.01274
            ],
            [
              72.615142,
              23.012738
            ],
            [
              72.613268,
              23.013015
            ],
            [
              72.612459,
              23.013149
            ],
            [
              72.61158,
              23.013256
            ],
            [
              72.609264,
              23.01368
            ],
            [
              72.609199,
              23.013695
            ],
            [
              72.609007,
              23.012252
            ],
            [
              72.609476,
              23.01029
            ],
            [
              72.611007,
              23.010246
            ],
            [
              72.612276,
              23.010276
            ],
            [
              72.613493,
              23.010425
            ],
            [
              72.615528,
              23.010678
            ],
            [
              72.616669,
              23.010632
            ],
            [
              72.616188,
              23.009438
            ],
            [
              72.61569,
              23.00868
            ],
            [
              72.615194,
              23.008283
            ],
            [
              72.614274,
              23.007537
            ],
            [
              72.613739,
              23.006677
            ],
            [
              72.613428,
              23.006123
            ],
            [
              72.613887,
              23.005814
            ],
            [
              72.614119,
              23.005537
            ],
            [
              72.614152,
              23.005383
            ],
            [
              72.614887,
              23.004931
            ],
            [
              72.615208,
              23.004744
            ],
            [
              72.615267,
              23.004705
            ],
            [
              72.614817,
              23.003574
            ],
            [
              72.614321,
              23.002321
            ],
            [
              72.616915,
              23.001958
            ],
            [
              72.618504,
              23.001815
            ],
            [
              72.619108,
              23.001865
            ],
            [
              72.619372,
              23.001893
            ],
            [
              72.619804,
              23.002039
            ],
            [
              72.619816,
              23.002692
            ],
            [
              72.620276,
              23.003989
            ],
            [
              72.620636,
              23.003856
            ],
            [
              72.62076,
              23.004149
            ],
            [
              72.622537,
              23.003631
            ],
            [
              72.623081,
              23.003625
            ],
            [
              72.623118,
              23.003509
            ],
            [
              72.623529,
              23.003509
            ],
            [
              72.623624,
              23.003307
            ],
            [
              72.623622,
              23.002855
            ],
            [
              72.623683,
              23.002677
            ],
            [
              72.623805,
              23.002613
            ],
            [
              72.623928,
              23.002283
            ],
            [
              72.623986,
              23.002112
            ],
            [
              72.624073,
              23.001967
            ],
            [
              72.624213,
              23.001418
            ],
            [
              72.624362,
              23.000867
            ],
            [
              72.624409,
              23.000712
            ],
            [
              72.624364,
              23.000388
            ],
            [
              72.624345,
              23.000082
            ],
            [
              72.624309,
              22.999835
            ],
            [
              72.624435,
              22.999394
            ],
            [
              72.624595,
              22.999184
            ],
            [
              72.624728,
              22.999205
            ],
            [
              72.625621,
              23.000801
            ],
            [
              72.626152,
              23.001836
            ],
            [
              72.626359,
              23.002257
            ],
            [
              72.626696,
              23.003163
            ],
            [
              72.627079,
              23.004434
            ],
            [
              72.627095,
              23.004509
            ],
            [
              72.6272,
              23.005016
            ],
            [
              72.627363,
              23.00619
            ],
            [
              72.627534,
              23.00722
            ],
            [
              72.627662,
              23.007846
            ],
            [
              72.627891,
              23.00795
            ],
            [
              72.628108,
              23.007935
            ],
            [
              72.629162,
              23.007512
            ],
            [
              72.630212,
              23.007125
            ],
            [
              72.631477,
              23.00674
            ],
            [
              72.635041,
              23.005682
            ],
            [
              72.636756,
              23.005078
            ],
            [
              72.636938,
              23.005056
            ],
            [
              72.637103,
              23.00516
            ],
            [
              72.638025,
              23.007318
            ],
            [
              72.638067,
              23.007471
            ],
            [
              72.638541,
              23.009211
            ],
            [
              72.638674,
              23.010359
            ],
            [
              72.638709,
              23.011329
            ],
            [
              72.638787,
              23.013482
            ],
            [
              72.638679,
              23.014576
            ],
            [
              72.638488,
              23.014179
            ],
            [
              72.638332,
              23.013988
            ],
            [
              72.636718,
              23.012865
            ],
            [
              72.636652,
              23.012819
            ],
            [
              72.636583,
              23.012813
            ],
            [
              72.634865,
              23.012665
            ],
            [
              72.632273,
              23.012275
            ],
            [
              72.632214,
              23.012497
            ],
            [
              72.632537,
              23.012956
            ],
            [
              72.63274,
              23.013429
            ],
            [
              72.633016,
              23.014459
            ],
            [
              72.632223,
              23.014418
            ],
            [
              72.629306,
              23.014113
            ],
            [
              72.628327,
              23.015741
            ],
            [
              72.627231,
              23.017341
            ],
            [
              72.625231,
              23.016892
            ],
            [
              72.624889,
              23.017642
            ],
            [
              72.621847,
              23.017081
            ],
            [
              72.621541,
              23.017154
            ]
          ]
        ]
      },
      "properties": {
        "zone_id": "ward-39",
        "name": "Amraiwadi",
        "ward_number": 39,
        "center_lat": 23.009917,
        "center_lon": 72.62411,
        "area_km2": 3.1489,
        "geometry_source": "amc_ward_boundary"
      }
    },
    {
      "type": "Feature",
      "id": "ward-38",
      "geometry": {
        "type": "Polygon",
        "coordinates": [
          [
            [
              72.605901,
              23.025435
            ],
            [
              72.605633,
              23.02556
            ],
            [
              72.605141,
              23.025681
            ],
            [
              72.604879,
              23.026139
            ],
            [
              72.604695,
              23.026408
            ],
            [
              72.60441,
              23.026576
            ],
            [
              72.603848,
              23.026865
            ],
            [
              72.603625,
              23.026926
            ],
            [
              72.603088,
              23.026553
            ],
            [
              72.601204,
              23.02634
            ],
            [
              72.601206,
              23.024154
            ],
            [
              72.601408,
              23.022537
            ],
            [
              72.601792,
              23.021117
            ],
            [
              72.602101,
              23.020482
            ],
            [
              72.603282,
              23.017098
            ],
            [
              72.604744,
              23.013467
            ],
            [
              72.606319,
              23.013545
            ],
            [
              72.607054,
              23.013341
            ],
            [
              72.60705,
              23.014415
            ],
            [
              72.608107,
              23.013945
            ],
            [
              72.609177,
              23.013715
            ],
            [
              72.609242,
              23.0137
            ],
            [
              72.611558,
              23.013276
            ],
            [
              72.612437,
              23.013169
            ],
            [
              72.613246,
              23.013035
            ],
            [
              72.61512,
              23.012758
            ],
            [
              72.615121,
              23.01276
            ],
            [
              72.615149,
              23.013236
            ],
            [
              72.615611,
              23.013183
            ],
            [
              72.618428,
              23.013136
            ],
            [
              72.618945,
              23.014177
            ],
            [
              72.618946,
              23.014178
            ],
            [
              72.616798,
              23.015119
            ],
            [
              72.616426,
              23.015338
            ],
            [
              72.616429,
              23.015849
            ],
            [
              72.614099,
              23.016065
            ],
            [
              72.612858,
              23.016096
            ],
            [
              72.612866,
              23.016287
            ],
            [
              72.612871,
              23.016388
            ],
            [
              72.612883,
              23.016407
            ],
            [
              72.613034,
              23.016638
            ],
            [
              72.613113,
              23.016734
            ],
            [
              72.613227,
              23.016898
            ],
            [
              72.613271,
              23.016978
            ],
            [
              72.613291,
              23.017015
            ],
            [
              72.613332,
              23.017045
            ],
            [
              72.613428,
              23.017116
            ],
            [
              72.613446,
              23.017129
            ],
            [
              72.613513,
              23.017158
            ],
            [
              72.613817,
              23.01731
            ],
            [
              72.614889,
              23.017238
            ],
            [
              72.616581,
              23.017158
            ],
            [
              72.620058,
              23.017363
            ],
            [
              72.621519,
              23.017174
            ],
            [
              72.621825,
              23.017101
            ],
            [
              72.624867,
              23.017662
            ],
            [
              72.625209,
              23.016912
            ],
            [
              72.627209,
              23.017361
            ],
            [
              72.628305,
              23.015761
            ],
            [
              72.629284,
              23.014133
            ],
            [
              72.632201,
              23.014438
            ],
            [
              72.632994,
              23.014479
            ],
            [
              72.632718,
              23.013449
            ],
            [
              72.632515,
              23.012976
            ],
            [
              72.632192,
              23.012517
            ],
            [
              72.632251,
              23.012295
            ],
            [
              72.634843,
              23.012685
            ],
            [
              72.636561,
              23.012833
            ],
            [
              72.63663,
              23.012839
            ],
            [
              72.636696,
              23.012885
            ],
            [
              72.63831,
              23.014008
            ],
            [
              72.638466,
              23.014199
            ],
            [
              72.638657,
              23.014596
            ],
            [
              72.638604,
              23.014747
            ],
            [
              72.638509,
              23.020546
            ],
            [
              72.635802,
              23.02015
            ],
            [
              72.633753,
              23.020049
            ],
            [
              72.632717,
              23.020065
            ],
            [
              72.632159,
              23.020138
            ],
            [
              72.630488,
              23.0201
            ],
            [
              72.628346,
              23.020157
            ],
            [
              72.626933,
              23.020408
            ],
            [
              72.625891,
              23.020712
            ],
            [
              72.625811,
              23.02195
            ],
            [
              72.624768,
              23.021644
            ],
            [
              72.624069,
              23.021461
            ],
            [
              72.623592,
              23.021428
            ],
            [
              72.623222,
              23.021516
            ],
            [
              72.622471,
              23.021771
            ],
            [
              72.621602,
              23.022014
            ],
            [
              72.620867,
              23.022144
            ],
            [
              72.620031,
              23.022248
            ],
            [
              72.619547,
              23.022277
            ],
            [
              72.618139,
              23.02212
            ],
            [
              72.61737,
              23.022137
            ],
            [
              72.616642,
              23.022125
            ],
            [
              72.615843,
              23.022142
            ],
            [
              72.614917,
              23.022096
            ],
            [
              72.614053,
              23.022086
            ],
            [
              72.614438,
              23.022703
            ],
            [
              72.614593,
              23.023022
            ],
            [
              72.614006,
              23.025237
            ],
            [
              72.613456,
              23.02601
            ],
            [
              72.60977,
              23.025705
            ],
            [
              72.609022,
              23.026228
            ],
            [
              72.608471,
              23.025814
            ],
            [
              72.607943,
              23.025481
            ],
            [
              72.6065,
              23.024619
            ],
            [
              72.605901,
              23.025435
            ]
          ]
        ]
      },
      "properties": {
        "zone_id": "ward-38",
        "name": "Gomtipur",
        "ward_number": 38,
        "center_lat": 23.018967,
        "center_lon": 72.617371,
        "area_km2": 3.2463,
        "geometry_source": "amc_ward_boundary"
      }
    },
    {
      "type": "Feature",
      "id": "ward-37",
      "geometry": {
        "type": "Polygon",
        "coordinates": [
          [
            [
              72.604925,
              23.01313
            ],
            [
              72.604766,
              23.013526
            ],
            [
              72.601378,
              23.012514
            ],
            [
              72.600619,
              23.0124
            ],
            [
              72.60004,
              23.012213
            ],
            [
              72.599225,
              23.012049
            ],
            [
              72.597824,
              23.011976
            ],
            [
              72.597406,
              23.011777
            ],
            [
              72.596836,
              23.012365
            ],
            [
              72.594219,
              23.011921
            ],
            [
              72.59238,
              23.011558
            ],
            [
              72.592808,
              23.010241
            ],
            [
              72.592841,
              23.009954
            ],
            [
              72.592866,
              23.009298
            ],
            [
              72.593023,
              23.0082
            ],
            [
              72.593024,
              23.007169
            ],
            [
              72.59306,
              23.005977
            ],
            [
              72.593115,
              23.005473
            ],
            [
              72.593375,
              23.004063
            ],
            [
              72.593384,
              23.002764
            ],
            [
              72.593261,
              23.002544
            ],
            [
              72.593243,
              23.001887
            ],
            [
              72.5932,
              23.000623
            ],
            [
              72.593234,
              22.998416
            ],
            [
              72.593241,
              22.997482
            ],
            [
              72.593234,
              22.995498
            ],
            [
              72.593251,
              22.991708
            ],
            [
              72.594727,
              22.991467
            ],
            [
              72.595219,
              22.990134
            ],
            [
              72.595542,
              22.989065
            ],
            [
              72.596035,
              22.989054
            ],
            [
              72.596013,
              22.988926
            ],
            [
              72.596178,
              22.988922
            ],
            [
              72.599225,
              22.98884
            ],
            [
              72.603635,
              22.988666
            ],
            [
              72.603754,
              22.988647
            ],
            [
              72.603922,
              22.98862
            ],
            [
              72.60922,
              22.987337
            ],
            [
              72.609861,
              22.987263
            ],
            [
              72.611405,
              22.987031
            ],
            [
              72.611363,
              22.987557
            ],
            [
              72.61127,
              22.987844
            ],
            [
              72.61092,
              22.988181
            ],
            [
              72.610811,
              22.988539
            ],
            [
              72.610625,
              22.98856
            ],
            [
              72.610261,
              22.988671
            ],
            [
              72.609943,
              22.989072
            ],
            [
              72.610188,
              22.989165
            ],
            [
              72.610533,
              22.990478
            ],
            [
              72.610337,
              22.990523
            ],
            [
              72.610867,
              22.991946
            ],
            [
              72.61118,
              22.991774
            ],
            [
              72.612188,
              22.99141
            ],
            [
              72.613146,
              22.991134
            ],
            [
              72.613967,
              22.990875
            ],
            [
              72.614492,
              22.990825
            ],
            [
              72.614844,
              22.990809
            ],
            [
              72.614858,
              22.990808
            ],
            [
              72.614838,
              22.990861
            ],
            [
              72.6146,
              22.991482
            ],
            [
              72.613552,
              22.994003
            ],
            [
              72.612695,
              22.995865
            ],
            [
              72.609663,
              23.002627
            ],
            [
              72.608082,
              23.006096
            ],
            [
              72.607448,
              23.007704
            ],
            [
              72.607142,
              23.008186
            ],
            [
              72.606052,
              23.010598
            ],
            [
              72.604925,
              23.01313
            ]
          ]
        ]
      },
      "properties": {
        "zone_id": "ward-37",
        "name": "Maninagar",
        "ward_number": 37,
        "center_lat": 22.999665,
        "center_lon": 72.602073,
        "area_km2": 4.5541,
        "geometry_source": "amc_ward_boundary"
      }
    },
    {
      "type": "Feature",
      "id": "ward-36",
      "geometry": {
        "type": "Polygon",
        "coordinates": [
          [
            [
              72.591673,
              23.013419
            ],
            [
              72.591286,
              23.013927
            ],
            [
              72.590006,
              23.01313
            ],
            [
              72.589548,
              23.012891
            ],
            [
              72.5889,
              23.012649
            ],
            [
              72.587093,
              23.011983
            ],
            [
              72.583938,
              23.011004
            ],
            [
              72.580878,
              23.010044
            ],
            [
              72.58052,
              23.008678
            ],
            [
              72.580266,
              23.007903
            ],
            [
              72.581337,
              23.007742
            ],
            [
              72.583687,
              23.007338
            ],
            [
              72.583923,
              23.007337
            ],
            [
              72.586461,
              23.007585
            ],
            [
              72.586609,
              23.004755
            ],
            [
              72.585939,
              23.004796
            ],
            [
              72.585608,
              23.004767
            ],
            [
              72.585404,
              23.004739
            ],
            [
              72.585222,
              23.004479
            ],
            [
              72.584478,
              23.00252
            ],
            [
              72.584204,
              23.002253
            ],
            [
              72.583697,
              23.001758
            ],
            [
              72.583583,
              23.001653
            ],
            [
              72.583296,
              23.000688
            ],
            [
              72.58335,
              23.000142
            ],
            [
              72.58219,
              22.999353
            ],
            [
              72.582159,
              22.998953
            ],
            [
              72.58194,
              22.998403
            ],
            [
              72.581962,
              22.997311
            ],
            [
              72.581871,
              22.99689
            ],
            [
              72.581822,
              22.996517
            ],
            [
              72.581874,
              22.996401
            ],
            [
              72.579196,
              22.995667
            ],
            [
              72.57954,
              22.994806
            ],
            [
              72.580418,
              22.992798
            ],
            [
              72.580636,
              22.992341
            ],
            [
              72.581372,
              22.991736
            ],
            [
              72.581747,
              22.991331
            ],
            [
              72.582656,
              22.990035
            ],
            [
              72.58267,
              22.989553
            ],
            [
              72.582486,
              22.9892
            ],
            [
              72.582242,
              22.989003
            ],
            [
              72.582131,
              22.988844
            ],
            [
              72.581973,
              22.988194
            ],
            [
              72.582001,
              22.987755
            ],
            [
              72.58216,
              22.987084
            ],
            [
              72.58226,
              22.986521
            ],
            [
              72.582454,
              22.985854
            ],
            [
              72.582453,
              22.985765
            ],
            [
              72.582869,
              22.984846
            ],
            [
              72.583174,
              22.984481
            ],
            [
              72.583367,
              22.984234
            ],
            [
              72.583642,
              22.98388
            ],
            [
              72.584215,
              22.983476
            ],
            [
              72.58465,
              22.983116
            ],
            [
              72.585361,
              22.982999
            ],
            [
              72.58784,
              22.98253
            ],
            [
              72.588658,
              22.982881
            ],
            [
              72.589368,
              22.983185
            ],
            [
              72.590742,
              22.984029
            ],
            [
              72.591103,
              22.984396
            ],
            [
              72.591412,
              22.984863
            ],
            [
              72.591945,
              22.985708
            ],
            [
              72.592198,
              22.986583
            ],
            [
              72.59299,
              22.986643
            ],
            [
              72.594131,
              22.986731
            ],
            [
              72.594413,
              22.986633
            ],
            [
              72.595035,
              22.986791
            ],
            [
              72.596074,
              22.987049
            ],
            [
              72.596415,
              22.987112
            ],
            [
              72.596593,
              22.987146
            ],
            [
              72.596491,
              22.987409
            ],
            [
              72.595979,
              22.988661
            ],
            [
              72.595958,
              22.988712
            ],
            [
              72.595967,
              22.988768
            ],
            [
              72.595991,
              22.988906
            ],
            [
              72.596013,
              22.989034
            ],
            [
              72.59552,
              22.989045
            ],
            [
              72.595197,
              22.990115
            ],
            [
              72.594705,
              22.991447
            ],
            [
              72.593229,
              22.991688
            ],
            [
              72.593212,
              22.995479
            ],
            [
              72.593219,
              22.997463
            ],
            [
              72.593212,
              22.998396
            ],
            [
              72.593178,
              23.000604
            ],
            [
              72.593221,
              23.001867
            ],
            [
              72.593239,
              23.002524
            ],
            [
              72.593362,
              23.002744
            ],
            [
              72.593353,
              23.004044
            ],
            [
              72.593093,
              23.005454
            ],
            [
              72.593038,
              23.005958
            ],
            [
              72.593002,
              23.00715
            ],
            [
              72.593001,
              23.008181
            ],
            [
              72.592844,
              23.009279
            ],
            [
              72.592819,
              23.009934
            ],
            [
              72.592786,
              23.010222
            ],
            [
              72.592358,
              23.011539
            ],
            [
              72.5919,
              23.012929
            ],
            [
              72.591673,
              23.013419
            ]
          ]
        ]
      },
      "properties": {
        "zone_id": "ward-36",
        "name": "Danilimda",
        "ward_number": 36,
        "center_lat": 22.997112,
        "center_lon": 72.587918,
        "area_km2": 3.552,
        "geometry_source": "amc_ward_boundary"
      }
    },
    {
      "type": "Feature",
      "id": "ward-35",
      "geometry": {
        "type": "Polygon",
        "coordinates": [
          [
            [
              72.586461,
              23.007545
            ],
            [
              72.583923,
              23.007298
            ],
            [
              72.583687,
              23.007299
            ],
            [
              72.581337,
              23.007702
            ],
            [
              72.580266,
              23.007863
            ],
            [
              72.58052,
              23.008639
            ],
            [
              72.580878,
              23.010005
            ],
            [
              72.579546,
              23.010216
            ],
            [
              72.578833,
              23.010388
            ],
            [
              72.578679,
              23.010412
            ],
            [
              72.574309,
              23.011097
            ],
            [
              72.574237,
              23.010864
            ],
            [
              72.572734,
              23.007667
            ],
            [
              72.570894,
              23.00458
            ],
            [
              72.568452,
              23.001501
            ],
            [
              72.564274,
              22.996475
            ],
            [
              72.56405,
              22.996309
            ],
            [
              72.56274,
              22.995344
            ],
            [
              72.559435,
              22.992657
            ],
            [
              72.555911,
              22.98993
            ],
            [
              72.553621,
              22.98804
            ],
            [
              72.551155,
              22.986059
            ],
            [
              72.548027,
              22.984427
            ],
            [
              72.542743,
              22.982061
            ],
            [
              72.543519,
              22.980863
            ],
            [
              72.545441,
              22.978604
            ],
            [
              72.546107,
              22.977941
            ],
            [
              72.547328,
              22.977151
            ],
            [
              72.548841,
              22.976518
            ],
            [
              72.550063,
              22.976142
            ],
            [
              72.552011,
              22.97594
            ],
            [
              72.555433,
              22.975617
            ],
            [
              72.558673,
              22.9753
            ],
            [
              72.560244,
              22.975061
            ],
            [
              72.561874,
              22.97491
            ],
            [
              72.563447,
              22.974732
            ],
            [
              72.56714,
              22.974249
            ],
            [
              72.571213,
              22.973629
            ],
            [
              72.578244,
              22.973092
            ],
            [
              72.582798,
              22.972613
            ],
            [
              72.588092,
              22.972838
            ],
            [
              72.588105,
              22.972838
            ],
            [
              72.588076,
              22.972921
            ],
            [
              72.587267,
              22.975239
            ],
            [
              72.586005,
              22.978202
            ],
            [
              72.585694,
              22.979148
            ],
            [
              72.585846,
              22.979578
            ],
            [
              72.585753,
              22.981169
            ],
            [
              72.585444,
              22.982261
            ],
            [
              72.585361,
              22.98296
            ],
            [
              72.58465,
              22.983076
            ],
            [
              72.584215,
              22.983437
            ],
            [
              72.583642,
              22.98384
            ],
            [
              72.583367,
              22.984195
            ],
            [
              72.583174,
              22.984441
            ],
            [
              72.582869,
              22.984807
            ],
            [
              72.582453,
              22.985726
            ],
            [
              72.582454,
              22.985814
            ],
            [
              72.58226,
              22.986482
            ],
            [
              72.58216,
              22.987044
            ],
            [
              72.582001,
              22.987716
            ],
            [
              72.581973,
              22.988154
            ],
            [
              72.582131,
              22.988805
            ],
            [
              72.582242,
              22.988964
            ],
            [
              72.582486,
              22.98916
            ],
            [
              72.58267,
              22.989514
            ],
            [
              72.582656,
              22.989995
            ],
            [
              72.581747,
              22.991291
            ],
            [
              72.581372,
              22.991697
            ],
            [
              72.580636,
              22.992301
            ],
            [
              72.580418,
              22.992759
            ],
            [
              72.57954,
              22.994767
            ],
            [
              72.579196,
              22.995628
            ],
            [
              72.581874,
              22.996361
            ],
            [
              72.581822,
              22.996478
            ],
            [
              72.581871,
              22.99685
            ],
            [
              72.581962,
              22.997272
            ],
            [
              72.58194,
              22.998363
            ],
            [
              72.582159,
              22.998914
            ],
            [
              72.58219,
              22.999313
            ],
            [
              72.58335,
              23.000102
            ],
            [
              72.583296,
              23.000649
            ],
            [
              72.583583,
              23.001614
            ],
            [
              72.583697,
              23.001718
            ],
            [
              72.584204,
              23.002213
            ],
            [
              72.584478,
              23.002481
            ],
            [
              72.585222,
              23.004439
            ],
            [
              72.585404,
              23.0047
            ],
            [
              72.585608,
              23.004728
            ],
            [
              72.585939,
              23.004756
            ],
            [
              72.586609,
              23.004715
            ],
            [
              72.586461,
              23.007545
            ]
          ]
        ]
      },
      "properties": {
        "zone_id": "ward-35",
        "name": "Baherampura",
        "ward_number": 35,
        "center_lat": 22.987741,
        "center_lon": 72.569622,
        "area_km2": 10.2434,
        "geometry_source": "amc_ward_boundary"
      }
    },
    {
      "type": "Feature",
      "id": "ward-34",
      "geometry": {
        "type": "Polygon",
        "coordinates": [
          [
            [
              72.523178,
              23.004306
            ],
            [
              72.520133,
              23.003274
            ],
            [
              72.519505,
              23.003106
            ],
            [
              72.518944,
              23.003155
            ],
            [
              72.518461,
              23.003253
            ],
            [
              72.518555,
              23.002541
            ],
            [
              72.518827,
              22.999746
            ],
            [
              72.518863,
              22.999291
            ],
            [
              72.519381,
              22.994649
            ],
            [
              72.519415,
              22.994262
            ],
            [
              72.51949,
              22.993536
            ],
            [
              72.519576,
              22.993058
            ],
            [
              72.519787,
              22.992514
            ],
            [
              72.520111,
              22.991835
            ],
            [
              72.517358,
              22.990589
            ],
            [
              72.515596,
              22.989938
            ],
            [
              72.514226,
              22.98938
            ],
            [
              72.511662,
              22.988764
            ],
            [
              72.512778,
              22.986484
            ],
            [
              72.513306,
              22.984841
            ],
            [
              72.513355,
              22.984147
            ],
            [
              72.513359,
              22.978095
            ],
            [
              72.510181,
              22.974145
            ],
            [
              72.506369,
              22.969316
            ],
            [
              72.504563,
              22.967107
            ],
            [
              72.504096,
              22.966329
            ],
            [
              72.503716,
              22.963864
            ],
            [
              72.503343,
              22.962148
            ],
            [
              72.502782,
              22.962056
            ],
            [
              72.49363,
              22.960832
            ],
            [
              72.487595,
              22.957607
            ],
            [
              72.487346,
              22.957474
            ],
            [
              72.487192,
              22.956486
            ],
            [
              72.486493,
              22.956557
            ],
            [
              72.486482,
              22.95616
            ],
            [
              72.486462,
              22.955749
            ],
            [
              72.48643,
              22.955353
            ],
            [
              72.486396,
              22.954931
            ],
            [
              72.486417,
              22.954597
            ],
            [
              72.48662,
              22.953802
            ],
            [
              72.485676,
              22.953821
            ],
            [
              72.485712,
              22.953502
            ],
            [
              72.48574,
              22.953064
            ],
            [
              72.485763,
              22.952702
            ],
            [
              72.485784,
              22.952375
            ],
            [
              72.485794,
              22.952207
            ],
            [
              72.485818,
              22.951844
            ],
            [
              72.485832,
              22.951496
            ],
            [
              72.485847,
              22.951376
            ],
            [
              72.48586,
              22.950661
            ],
            [
              72.485809,
              22.949493
            ],
            [
              72.485966,
              22.94933
            ],
            [
              72.486318,
              22.948814
            ],
            [
              72.486887,
              22.948076
            ],
            [
              72.486836,
              22.947751
            ],
            [
              72.486853,
              22.947605
            ],
            [
              72.486683,
              22.947651
            ],
            [
              72.486461,
              22.946718
            ],
            [
              72.486412,
              22.945467
            ],
            [
              72.486329,
              22.94488
            ],
            [
              72.486794,
              22.942864
            ],
            [
              72.48786,
              22.941854
            ],
            [
              72.487866,
              22.941621
            ],
            [
              72.487942,
              22.941322
            ],
            [
              72.488427,
              22.940806
            ],
            [
              72.489304,
              22.940661
            ],
            [
              72.490066,
              22.940393
            ],
            [
              72.490441,
              22.940536
            ],
            [
              72.491691,
              22.940281
            ],
            [
              72.492888,
              22.940656
            ],
            [
              72.493507,
              22.940843
            ],
            [
              72.494777,
              22.941148
            ],
            [
              72.499226,
              22.942218
            ],
            [
              72.500184,
              22.942579
            ],
            [
              72.501567,
              22.943497
            ],
            [
              72.501326,
              22.942785
            ],
            [
              72.501115,
              22.941992
            ],
            [
              72.500841,
              22.941109
            ],
            [
              72.500645,
              22.940051
            ],
            [
              72.50035,
              22.93904
            ],
            [
              72.500014,
              22.93843
            ],
            [
              72.500054,
              22.938095
            ],
            [
              72.500105,
              22.937524
            ],
            [
              72.500352,
              22.936543
            ],
            [
              72.500362,
              22.936023
            ],
            [
              72.500389,
              22.935817
            ],
            [
              72.500361,
              22.935634
            ],
            [
              72.500263,
              22.934998
            ],
            [
              72.499999,
              22.934431
            ],
            [
              72.499707,
              22.934006
            ],
            [
              72.499412,
              22.933812
            ],
            [
              72.499165,
              22.933651
            ],
            [
              72.498784,
              22.933537
            ],
            [
              72.498262,
              22.933378
            ],
            [
              72.497751,
              22.932945
            ],
            [
              72.497354,
              22.932572
            ],
            [
              72.497176,
              22.932402
            ],
            [
              72.497069,
              22.932221
            ],
            [
              72.496875,
              22.931888
            ],
            [
              72.496778,
              22.931715
            ],
            [
              72.496698,
              22.931332
            ],
            [
              72.496695,
              22.9308
            ],
            [
              72.496638,
              22.929874
            ],
            [
              72.49671,
              22.929205
            ],
            [
              72.496892,
              22.929125
            ],
            [
              72.498461,
              22.929297
            ],
            [
              72.499155,
              22.929188
            ],
            [
              72.499377,
              22.929154
            ],
            [
              72.499979,
              22.928607
            ],
            [
              72.500415,
              22.928241
            ],
            [
              72.500825,
              22.928077
            ],
            [
              72.500826,
              22.928077
            ],
            [
              72.500886,
              22.92804
            ],
            [
              72.500961,
              22.927996
            ],
            [
              72.501234,
              22.927832
            ],
            [
              72.501213,
              22.927527
            ],
            [
              72.5013,
              22.92747
            ],
            [
              72.501545,
              22.927434
            ],
            [
              72.501863,
              22.927388
            ],
            [
              72.501922,
              22.927379
            ],
            [
              72.502058,
              22.927359
            ],
            [
              72.502263,
              22.92733
            ],
            [
              72.502641,
              22.927274
            ],
            [
              72.502835,
              22.927238
            ],
            [
              72.503304,
              22.92715
            ],
            [
              72.50347,
              22.927235
            ],
            [
              72.50447,
              22.926847
            ],
            [
              72.504413,
              22.926493
            ],
            [
              72.504508,
              22.926101
            ],
            [
              72.504634,
              22.925575
            ],
            [
              72.504713,
              22.925265
            ],
            [
              72.504878,
              22.924613
            ],
            [
              72.504972,
              22.924236
            ],
            [
              72.505012,
              22.924077
            ],
            [
              72.505054,
              22.923851
            ],
            [
              72.505091,
              22.923651
            ],
            [
              72.505166,
              22.923243
            ],
            [
              72.505065,
              22.923078
            ],
            [
              72.504975,
              22.922929
            ],
            [
              72.505128,
              22.92236
            ],
            [
              72.505262,
              22.921858
            ],
            [
              72.50531,
              22.92168
            ],
            [
              72.505325,
              22.921513
            ],
            [
              72.505356,
              22.921176
            ],
            [
              72.505322,
              22.920808
            ],
            [
              72.505471,
              22.920524
            ],
            [
              72.505584,
              22.919992
            ],
            [
              72.505798,
              22.919946
            ],
            [
              72.506257,
              22.920142
            ],
            [
              72.506777,
              22.920108
            ],
            [
              72.506822,
              22.919887
            ],
            [
              72.506821,
              22.919803
            ],
            [
              72.506817,
              22.919359
            ],
            [
              72.506894,
              22.918039
            ],
            [
              72.507578,
              22.918088
            ],
            [
              72.509414,
              22.918361
            ],
            [
              72.511218,
              22.918556
            ],
            [
              72.51258,
              22.918798
            ],
            [
              72.513825,
              22.919277
            ],
            [
              72.515241,
              22.919872
            ],
            [
              72.516514,
              22.920574
            ],
            [
              72.517496,
              22.920956
            ],
            [
              72.518318,
              22.921312
            ],
            [
              72.520183,
              22.921841
            ],
            [
              72.521695,
              22.922052
            ],
            [
              72.522707,
              22.922724
            ],
            [
              72.52373,
              22.923561
            ],
            [
              72.524396,
              22.923848
            ],
            [
              72.525625,
              22.924367
            ],
            [
              72.526636,
              22.924718
            ],
            [
              72.527341,
              22.925213
            ],
            [
              72.52837,
              22.925818
            ],
            [
              72.529134,
              22.926252
            ],
            [
              72.531867,
              22.925313
            ],
            [
              72.535356,
              22.928499
            ],
            [
              72.53964,
              22.932599
            ],
            [
              72.542637,
              22.935849
            ],
            [
              72.543428,
              22.938015
            ],
            [
              72.542785,
              22.943849
            ],
            [
              72.54042,
              22.948048
            ],
            [
              72.538021,
              22.950141
            ],
            [
              72.534631,
              22.9512
            ],
            [
              72.528532,
              22.95044
            ],
            [
              72.523946,
              22.949687
            ],
            [
              72.519405,
              22.950178
            ],
            [
              72.516469,
              22.95122
            ],
            [
              72.514,
              22.953016
            ],
            [
              72.51274,
              22.955483
            ],
            [
              72.5123,
              22.958067
            ],
            [
              72.512828,
              22.959501
            ],
            [
              72.515571,
              22.9652
            ],
            [
              72.519231,
              22.970486
            ],
            [
              72.522475,
              22.973676
            ],
            [
              72.529504,
              22.976091
            ],
            [
              72.536978,
              22.97879
            ],
            [
              72.54096,
              22.981319
            ],
            [
              72.543387,
              22.982377
            ],
            [
              72.540733,
              22.985875
            ],
            [
              72.538364,
              22.989403
            ],
            [
              72.535852,
              22.992925
            ],
            [
              72.534025,
              22.995437
            ],
            [
              72.535699,
              22.996015
            ],
            [
              72.535549,
              22.996113
            ],
            [
              72.535435,
              22.996804
            ],
            [
              72.535463,
              22.998045
            ],
            [
              72.535423,
              22.998445
            ],
            [
              72.534834,
              22.998493
            ],
            [
              72.534596,
              22.999514
            ],
            [
              72.536433,
              22.999704
            ],
            [
              72.536684,
              22.999724
            ],
            [
              72.53668,
              22.99973
            ],
            [
              72.53617,
              23.000736
            ],
            [
              72.534103,
              23.000422
            ],
            [
              72.532594,
              22.999539
            ],
            [
              72.531797,
              22.999539
            ],
            [
              72.531201,
              22.999656
            ],
            [
              72.531038,
              22.999907
            ],
            [
              72.530299,
              23.000757
            ],
            [
              72.529282,
              23.001515
            ],
            [
              72.52879,
              23.001863
            ],
            [
              72.527009,
              23.001672
            ],
            [
              72.523992,
              23.001627
            ],
            [
              72.523657,
              23.001661
            ],
            [
              72.523451,
              23.001681
            ],
            [
              72.52345,
              23.001699
            ],
            [
              72.523178,
              23.004306
            ]
          ]
        ]
      },
      "properties": {
        "zone_id": "ward-34",
        "name": "Maktampura",
        "ward_number": 34,
        "center_lat": 22.954889,
        "center_lon": 72.5169,
        "area_km2": 25.5797,
        "geometry_source": "amc_ward_boundary"
      }
    },
    {
      "type": "Feature",
      "id": "ward-33",
      "geometry": {
        "type": "Polygon",
        "coordinates": [
          [
            [
              72.473424,
              23.010247
            ],
            [
              72.467879,
              23.010329
            ],
            [
              72.467805,
              23.009714
            ],
            [
              72.467583,
              23.008896
            ],
            [
              72.466938,
              23.008053
            ],
            [
              72.467047,
              23.007895
            ],
            [
              72.466801,
              23.007125
            ],
            [
              72.466613,
              23.006541
            ],
            [
              72.466631,
              23.006078
            ],
            [
              72.466548,
              23.005384
            ],
            [
              72.46706,
              23.005088
            ],
            [
              72.467019,
              23.004601
            ],
            [
              72.466832,
              23.003894
            ],
            [
              72.465957,
              23.003004
            ],
            [
              72.466003,
              23.002848
            ],
            [
              72.466091,
              23.002695
            ],
            [
              72.466034,
              23.00239
            ],
            [
              72.46631,
              23.001582
            ],
            [
              72.466073,
              23.000593
            ],
            [
              72.465844,
              23.000089
            ],
            [
              72.465677,
              22.99916
            ],
            [
              72.465686,
              22.997393
            ],
            [
              72.465479,
              22.996748
            ],
            [
              72.465345,
              22.996578
            ],
            [
              72.464968,
              22.995679
            ],
            [
              72.464576,
              22.993617
            ],
            [
              72.465298,
              22.993594
            ],
            [
              72.465791,
              22.993811
            ],
            [
              72.467479,
              22.99382
            ],
            [
              72.467832,
              22.99304
            ],
            [
              72.468659,
              22.991721
            ],
            [
              72.468668,
              22.991437
            ],
            [
              72.469346,
              22.990182
            ],
            [
              72.46944,
              22.989805
            ],
            [
              72.469951,
              22.989233
            ],
            [
              72.469876,
              22.98868
            ],
            [
              72.470086,
              22.988384
            ],
            [
              72.470154,
              22.987408
            ],
            [
              72.47087,
              22.986987
            ],
            [
              72.470942,
              22.986509
            ],
            [
              72.470968,
              22.986028
            ],
            [
              72.47083,
              22.984937
            ],
            [
              72.470634,
              22.984168
            ],
            [
              72.470566,
              22.983498
            ],
            [
              72.47064,
              22.982451
            ],
            [
              72.4705,
              22.982284
            ],
            [
              72.47053,
              22.981576
            ],
            [
              72.470703,
              22.981361
            ],
            [
              72.470647,
              22.980931
            ],
            [
              72.470496,
              22.979995
            ],
            [
              72.470502,
              22.979547
            ],
            [
              72.470734,
              22.977916
            ],
            [
              72.470837,
              22.97744
            ],
            [
              72.471037,
              22.976901
            ],
            [
              72.470999,
              22.97625
            ],
            [
              72.471191,
              22.976165
            ],
            [
              72.471006,
              22.97581
            ],
            [
              72.471277,
              22.975703
            ],
            [
              72.4713,
              22.975434
            ],
            [
              72.471602,
              22.97533
            ],
            [
              72.471997,
              22.974493
            ],
            [
              72.47278,
              22.97417
            ],
            [
              72.47325,
              22.973959
            ],
            [
              72.473588,
              22.973259
            ],
            [
              72.473856,
              22.97301
            ],
            [
              72.473856,
              22.97264
            ],
            [
              72.474071,
              22.972657
            ],
            [
              72.473931,
              22.972134
            ],
            [
              72.47372,
              22.972075
            ],
            [
              72.473581,
              22.971538
            ],
            [
              72.473541,
              22.971088
            ],
            [
              72.4736,
              22.970581
            ],
            [
              72.473783,
              22.970425
            ],
            [
              72.474507,
              22.970424
            ],
            [
              72.475197,
              22.970292
            ],
            [
              72.476151,
              22.970567
            ],
            [
              72.476765,
              22.970956
            ],
            [
              72.477146,
              22.970644
            ],
            [
              72.477498,
              22.970316
            ],
            [
              72.477789,
              22.970338
            ],
            [
              72.477944,
              22.970137
            ],
            [
              72.478082,
              22.970148
            ],
            [
              72.478386,
              22.969659
            ],
            [
              72.478067,
              22.96927
            ],
            [
              72.478083,
              22.968546
            ],
            [
              72.47863,
              22.968275
            ],
            [
              72.478764,
              22.967788
            ],
            [
              72.47883,
              22.966841
            ],
            [
              72.479088,
              22.966704
            ],
            [
              72.479155,
              22.965733
            ],
            [
              72.480712,
              22.965911
            ],
            [
              72.4808,
              22.964168
            ],
            [
              72.480942,
              22.963582
            ],
            [
              72.481258,
              22.962953
            ],
            [
              72.482078,
              22.962609
            ],
            [
              72.48251,
              22.9626
            ],
            [
              72.482561,
              22.962362
            ],
            [
              72.483632,
              22.961919
            ],
            [
              72.483306,
              22.961396
            ],
            [
              72.483105,
              22.961409
            ],
            [
              72.482857,
              22.961063
            ],
            [
              72.483615,
              22.959586
            ],
            [
              72.484685,
              22.959512
            ],
            [
              72.485169,
              22.959805
            ],
            [
              72.487584,
              22.959728
            ],
            [
              72.487489,
              22.958835
            ],
            [
              72.487525,
              22.958421
            ],
            [
              72.487595,
              22.957607
            ],
            [
              72.49363,
              22.960832
            ],
            [
              72.502782,
              22.962056
            ],
            [
              72.503343,
              22.962148
            ],
            [
              72.503716,
              22.963864
            ],
            [
              72.504096,
              22.966329
            ],
            [
              72.504563,
              22.967107
            ],
            [
              72.506369,
              22.969316
            ],
            [
              72.510181,
              22.974145
            ],
            [
              72.513359,
              22.978095
            ],
            [
              72.513355,
              22.984147
            ],
            [
              72.513306,
              22.984841
            ],
            [
              72.512778,
              22.986484
            ],
            [
              72.511662,
              22.988764
            ],
            [
              72.514226,
              22.98938
            ],
            [
              72.515596,
              22.989938
            ],
            [
              72.517358,
              22.990589
            ],
            [
              72.520111,
              22.991835
            ],
            [
              72.519787,
              22.992514
            ],
            [
              72.519576,
              22.993058
            ],
            [
              72.51949,
              22.993536
            ],
            [
              72.519415,
              22.994262
            ],
            [
              72.519381,
              22.994649
            ],
            [
              72.518863,
              22.999291
            ],
            [
              72.518827,
              22.999746
            ],
            [
              72.518555,
              23.002541
            ],
            [
              72.517526,
              23.002244
            ],
            [
              72.517178,
              23.001972
            ],
            [
              72.516192,
              23.001026
            ],
            [
              72.515326,
              23.00059
            ],
            [
              72.514583,
              22.999958
            ],
            [
              72.513473,
              22.999277
            ],
            [
              72.511321,
              22.997294
            ],
            [
              72.511317,
              22.99729
            ],
            [
              72.511294,
              22.99733
            ],
            [
              72.509436,
              22.999716
            ],
            [
              72.508374,
              23.001018
            ],
            [
              72.507495,
              23.002123
            ],
            [
              72.507358,
              23.00253
            ],
            [
              72.507992,
              23.003036
            ],
            [
              72.510372,
              23.004888
            ],
            [
              72.512553,
              23.006533
            ],
            [
              72.513317,
              23.007025
            ],
            [
              72.5139,
              23.007382
            ],
            [
              72.514459,
              23.007556
            ],
            [
              72.514753,
              23.007663
            ],
            [
              72.515089,
              23.007756
            ],
            [
              72.515446,
              23.007835
            ],
            [
              72.51621,
              23.007915
            ],
            [
              72.518236,
              23.008093
            ],
            [
              72.52122,
              23.008409
            ],
            [
              72.521222,
              23.009779
            ],
            [
              72.521302,
              23.009952
            ],
            [
              72.521219,
              23.011651
            ],
            [
              72.52111,
              23.013044
            ],
            [
              72.517792,
              23.012811
            ],
            [
              72.51517,
              23.012632
            ],
            [
              72.513602,
              23.012503
            ],
            [
              72.511027,
              23.01204
            ],
            [
              72.506972,
              23.011963
            ],
            [
              72.503402,
              23.01185
            ],
            [
              72.502576,
              23.012233
            ],
            [
              72.500812,
              23.011965
            ],
            [
              72.496545,
              23.011193
            ],
            [
              72.491665,
              23.009958
            ],
            [
              72.48257,
              23.010144
            ],
            [
              72.47843,
              23.010198
            ],
            [
              72.473424,
              23.010247
            ]
          ]
        ]
      },
      "properties": {
        "zone_id": "ward-33",
        "name": "Sarkhej",
        "ward_number": 33,
        "center_lat": 22.988791,
        "center_lon": 72.492005,
        "area_km2": 23.6686,
        "geometry_source": "amc_ward_boundary"
      }
    },
    {
      "type": "Feature",
      "id": "ward-32",
      "geometry": {
        "type": "Polygon",
        "coordinates": [
          [
            [
              72.528726,
              23.014138
            ],
            [
              72.52657,
              23.013584
            ],
            [
              72.522875,
              23.013167
            ],
            [
              72.52111,
              23.013044
            ],
            [
              72.521219,
              23.011651
            ],
            [
              72.521302,
              23.009952
            ],
            [
              72.521222,
              23.009779
            ],
            [
              72.52122,
              23.008409
            ],
            [
              72.518236,
              23.008093
            ],
            [
              72.51621,
              23.007915
            ],
            [
              72.515446,
              23.007835
            ],
            [
              72.515089,
              23.007756
            ],
            [
              72.514753,
              23.007663
            ],
            [
              72.514459,
              23.007556
            ],
            [
              72.5139,
              23.007382
            ],
            [
              72.513317,
              23.007025
            ],
            [
              72.512553,
              23.006533
            ],
            [
              72.510372,
              23.004888
            ],
            [
              72.507992,
              23.003036
            ],
            [
              72.507358,
              23.00253
            ],
            [
              72.507495,
              23.002123
            ],
            [
              72.508374,
              23.001018
            ],
            [
              72.509436,
              22.999716
            ],
            [
              72.511294,
              22.99733
            ],
            [
              72.511317,
              22.99729
            ],
            [
              72.511321,
              22.997294
            ],
            [
              72.513473,
              22.999277
            ],
            [
              72.514583,
              22.999958
            ],
            [
              72.515326,
              23.00059
            ],
            [
              72.516192,
              23.001026
            ],
            [
              72.517178,
              23.001972
            ],
            [
              72.517526,
              23.002244
            ],
            [
              72.518555,
              23.002541
            ],
            [
              72.518461,
              23.003253
            ],
            [
              72.518944,
              23.003155
            ],
            [
              72.519505,
              23.003106
            ],
            [
              72.520133,
              23.003274
            ],
            [
              72.523178,
              23.004306
            ],
            [
              72.52345,
              23.001699
            ],
            [
              72.523451,
              23.001681
            ],
            [
              72.523657,
              23.001661
            ],
            [
              72.523992,
              23.001627
            ],
            [
              72.527009,
              23.001672
            ],
            [
              72.52879,
              23.001863
            ],
            [
              72.529282,
              23.001515
            ],
            [
              72.530299,
              23.000757
            ],
            [
              72.531038,
              22.999907
            ],
            [
              72.531201,
              22.999656
            ],
            [
              72.531797,
              22.999539
            ],
            [
              72.532594,
              22.999539
            ],
            [
              72.534103,
              23.000422
            ],
            [
              72.53617,
              23.000736
            ],
            [
              72.537712,
              23.000845
            ],
            [
              72.538729,
              23.000918
            ],
            [
              72.539253,
              23.000921
            ],
            [
              72.539268,
              23.001294
            ],
            [
              72.53943,
              23.001728
            ],
            [
              72.539852,
              23.002938
            ],
            [
              72.539876,
              23.003664
            ],
            [
              72.539868,
              23.004731
            ],
            [
              72.53952,
              23.005911
            ],
            [
              72.53921,
              23.006409
            ],
            [
              72.538824,
              23.007028
            ],
            [
              72.538555,
              23.007459
            ],
            [
              72.538423,
              23.007639
            ],
            [
              72.537613,
              23.007428
            ],
            [
              72.537511,
              23.007547
            ],
            [
              72.537056,
              23.008076
            ],
            [
              72.534596,
              23.007849
            ],
            [
              72.534494,
              23.008195
            ],
            [
              72.534414,
              23.008484
            ],
            [
              72.534399,
              23.008762
            ],
            [
              72.534384,
              23.00906
            ],
            [
              72.534335,
              23.009539
            ],
            [
              72.534249,
              23.009591
            ],
            [
              72.534039,
              23.009718
            ],
            [
              72.53209,
              23.009479
            ],
            [
              72.52978,
              23.00923
            ],
            [
              72.529653,
              23.010435
            ],
            [
              72.529201,
              23.010397
            ],
            [
              72.528911,
              23.01251
            ],
            [
              72.528726,
              23.014138
            ]
          ]
        ]
      },
      "properties": {
        "zone_id": "ward-32",
        "name": "Vejalpur",
        "ward_number": 32,
        "center_lat": 23.005393,
        "center_lon": 72.524758,
        "area_km2": 2.9048,
        "geometry_source": "amc_ward_boundary"
      }
    },
    {
      "type": "Feature",
      "id": "ward-31",
      "geometry": {
        "type": "Polygon",
        "coordinates": [
          [
            [
              72.54647,
              23.011434
            ],
            [
              72.546026,
              23.012598
            ],
            [
              72.545336,
              23.012269
            ],
            [
              72.543209,
              23.011387
            ],
            [
              72.539801,
              23.01021
            ],
            [
              72.538205,
              23.009972
            ],
            [
              72.535427,
              23.009723
            ],
            [
              72.534329,
              23.0096
            ],
            [
              72.534335,
              23.009539
            ],
            [
              72.534384,
              23.00906
            ],
            [
              72.534399,
              23.008762
            ],
            [
              72.534414,
              23.008484
            ],
            [
              72.534494,
              23.008195
            ],
            [
              72.534596,
              23.007849
            ],
            [
              72.537056,
              23.008076
            ],
            [
              72.537511,
              23.007547
            ],
            [
              72.537613,
              23.007428
            ],
            [
              72.538423,
              23.007639
            ],
            [
              72.538555,
              23.007459
            ],
            [
              72.538824,
              23.007028
            ],
            [
              72.53921,
              23.006409
            ],
            [
              72.53952,
              23.005911
            ],
            [
              72.539868,
              23.004731
            ],
            [
              72.539876,
              23.003664
            ],
            [
              72.539852,
              23.002938
            ],
            [
              72.53943,
              23.001728
            ],
            [
              72.539268,
              23.001294
            ],
            [
              72.539253,
              23.000921
            ],
            [
              72.538729,
              23.000918
            ],
            [
              72.537712,
              23.000845
            ],
            [
              72.53617,
              23.000736
            ],
            [
              72.53668,
              22.99973
            ],
            [
              72.536684,
              22.999724
            ],
            [
              72.536433,
              22.999704
            ],
            [
              72.534596,
              22.999514
            ],
            [
              72.534834,
              22.998493
            ],
            [
              72.535423,
              22.998445
            ],
            [
              72.535463,
              22.998045
            ],
            [
              72.535435,
              22.996804
            ],
            [
              72.535549,
              22.996113
            ],
            [
              72.535699,
              22.996015
            ],
            [
              72.534025,
              22.995437
            ],
            [
              72.535852,
              22.992925
            ],
            [
              72.538364,
              22.989403
            ],
            [
              72.540733,
              22.985875
            ],
            [
              72.543387,
              22.982377
            ],
            [
              72.548671,
              22.984743
            ],
            [
              72.551799,
              22.986375
            ],
            [
              72.554265,
              22.988356
            ],
            [
              72.556555,
              22.990246
            ],
            [
              72.560079,
              22.992973
            ],
            [
              72.563384,
              22.99566
            ],
            [
              72.564694,
              22.996625
            ],
            [
              72.563137,
              22.997568
            ],
            [
              72.562346,
              22.998219
            ],
            [
              72.561617,
              22.998677
            ],
            [
              72.560018,
              22.99924
            ],
            [
              72.558129,
              23.000212
            ],
            [
              72.557145,
              23.001185
            ],
            [
              72.5556,
              23.002735
            ],
            [
              72.553807,
              23.004411
            ],
            [
              72.553711,
              23.004679
            ],
            [
              72.553532,
              23.004705
            ],
            [
              72.553316,
              23.004905
            ],
            [
              72.552561,
              23.005686
            ],
            [
              72.551658,
              23.006573
            ],
            [
              72.550721,
              23.007494
            ],
            [
              72.549038,
              23.009141
            ],
            [
              72.54895,
              23.00922
            ],
            [
              72.548619,
              23.009517
            ],
            [
              72.547522,
              23.010338
            ],
            [
              72.546852,
              23.010873
            ],
            [
              72.54647,
              23.011434
            ]
          ]
        ]
      },
      "properties": {
        "zone_id": "ward-31",
        "name": "Vasna",
        "ward_number": 31,
        "center_lat": 22.997196,
        "center_lon": 72.547193,
        "area_km2": 5.5854,
        "geometry_source": "amc_ward_boundary"
      }
    },
    {
      "type": "Feature",
      "id": "ward-30",
      "geometry": {
        "type": "Polygon",
        "coordinates": [
          [
            [
              72.573424,
              23.022705
            ],
            [
              72.572043,
              23.022807
            ],
            [
              72.571873,
              23.022734
            ],
            [
              72.571747,
              23.022479
            ],
            [
              72.571572,
              23.022439
            ],
            [
              72.568928,
              23.022265
            ],
            [
              72.567787,
              23.022004
            ],
            [
              72.565865,
              23.021417
            ],
            [
              72.564613,
              23.021066
            ],
            [
              72.562997,
              23.020602
            ],
            [
              72.561225,
              23.020298
            ],
            [
              72.558101,
              23.019846
            ],
            [
              72.558091,
              23.019634
            ],
            [
              72.55778,
              23.019642
            ],
            [
              72.557475,
              23.019587
            ],
            [
              72.557231,
              23.019523
            ],
            [
              72.556769,
              23.019452
            ],
            [
              72.556554,
              23.019492
            ],
            [
              72.555852,
              23.019759
            ],
            [
              72.555435,
              23.019942
            ],
            [
              72.555179,
              23.020092
            ],
            [
              72.554981,
              23.019866
            ],
            [
              72.554691,
              23.019799
            ],
            [
              72.553577,
              23.019574
            ],
            [
              72.552948,
              23.019266
            ],
            [
              72.552223,
              23.018729
            ],
            [
              72.550866,
              23.017537
            ],
            [
              72.550047,
              23.016916
            ],
            [
              72.549348,
              23.016445
            ],
            [
              72.548203,
              23.015404
            ],
            [
              72.547797,
              23.01485
            ],
            [
              72.546907,
              23.014528
            ],
            [
              72.545557,
              23.01416
            ],
            [
              72.546026,
              23.012598
            ],
            [
              72.54647,
              23.011434
            ],
            [
              72.546852,
              23.010873
            ],
            [
              72.547522,
              23.010338
            ],
            [
              72.548619,
              23.009517
            ],
            [
              72.54895,
              23.00922
            ],
            [
              72.549038,
              23.009141
            ],
            [
              72.550721,
              23.007494
            ],
            [
              72.551658,
              23.006573
            ],
            [
              72.552561,
              23.005686
            ],
            [
              72.553316,
              23.004905
            ],
            [
              72.553532,
              23.004705
            ],
            [
              72.553711,
              23.004679
            ],
            [
              72.553807,
              23.004411
            ],
            [
              72.5556,
              23.002735
            ],
            [
              72.557145,
              23.001185
            ],
            [
              72.558129,
              23.000212
            ],
            [
              72.560018,
              22.99924
            ],
            [
              72.561617,
              22.998677
            ],
            [
              72.562346,
              22.998219
            ],
            [
              72.563137,
              22.997568
            ],
            [
              72.564694,
              22.996625
            ],
            [
              72.564918,
              22.996791
            ],
            [
              72.569096,
              23.001817
            ],
            [
              72.571538,
              23.004896
            ],
            [
              72.573378,
              23.007983
            ],
            [
              72.574881,
              23.01118
            ],
            [
              72.574953,
              23.011413
            ],
            [
              72.575683,
              23.013788
            ],
            [
              72.576038,
              23.0165
            ],
            [
              72.576102,
              23.01699
            ],
            [
              72.576231,
              23.020797
            ],
            [
              72.576025,
              23.022547
            ],
            [
              72.573424,
              23.022705
            ]
          ]
        ]
      },
      "properties": {
        "zone_id": "ward-30",
        "name": "Paldi",
        "ward_number": 30,
        "center_lat": 23.011372,
        "center_lon": 72.562618,
        "area_km2": 5.6023,
        "geometry_source": "amc_ward_boundary"
      }
    },
    {
      "type": "Feature",
      "id": "ward-29",
      "geometry": {
        "type": "Polygon",
        "coordinates": [
          [
            [
              72.57956,
              23.035721
            ],
            [
              72.579503,
              23.03528
            ],
            [
              72.579484,
              23.034504
            ],
            [
              72.579477,
              23.034107
            ],
            [
              72.579448,
              23.033889
            ],
            [
              72.579339,
              23.03306
            ],
            [
              72.579283,
              23.032513
            ],
            [
              72.57921,
              23.032298
            ],
            [
              72.579014,
              23.031862
            ],
            [
              72.578794,
              23.03135
            ],
            [
              72.57776,
              23.031805
            ],
            [
              72.577454,
              23.031879
            ],
            [
              72.577529,
              23.032087
            ],
            [
              72.577069,
              23.032099
            ],
            [
              72.576901,
              23.03338
            ],
            [
              72.576847,
              23.03445
            ],
            [
              72.575922,
              23.03446
            ],
            [
              72.573393,
              23.034506
            ],
            [
              72.573985,
              23.030745
            ],
            [
              72.574135,
              23.030105
            ],
            [
              72.574836,
              23.027109
            ],
            [
              72.575403,
              23.02229
            ],
            [
              72.575609,
              23.02054
            ],
            [
              72.57548,
              23.016733
            ],
            [
              72.575416,
              23.016243
            ],
            [
              72.575061,
              23.013531
            ],
            [
              72.574331,
              23.011156
            ],
            [
              72.578701,
              23.010471
            ],
            [
              72.578855,
              23.010447
            ],
            [
              72.579568,
              23.010275
            ],
            [
              72.5809,
              23.010064
            ],
            [
              72.58396,
              23.011024
            ],
            [
              72.587115,
              23.012003
            ],
            [
              72.588922,
              23.012668
            ],
            [
              72.58957,
              23.012911
            ],
            [
              72.590028,
              23.01315
            ],
            [
              72.591308,
              23.013946
            ],
            [
              72.590929,
              23.015588
            ],
            [
              72.591022,
              23.016706
            ],
            [
              72.590741,
              23.016766
            ],
            [
              72.590524,
              23.016844
            ],
            [
              72.590273,
              23.016982
            ],
            [
              72.590066,
              23.017161
            ],
            [
              72.589836,
              23.017385
            ],
            [
              72.58969,
              23.017602
            ],
            [
              72.589593,
              23.017764
            ],
            [
              72.58943,
              23.018134
            ],
            [
              72.589377,
              23.018231
            ],
            [
              72.589264,
              23.018309
            ],
            [
              72.588596,
              23.018534
            ],
            [
              72.587897,
              23.01882
            ],
            [
              72.587045,
              23.019182
            ],
            [
              72.586657,
              23.019377
            ],
            [
              72.586192,
              23.019639
            ],
            [
              72.586204,
              23.01955
            ],
            [
              72.586268,
              23.019385
            ],
            [
              72.586289,
              23.019198
            ],
            [
              72.586299,
              23.019045
            ],
            [
              72.586275,
              23.018897
            ],
            [
              72.586214,
              23.018678
            ],
            [
              72.586204,
              23.018525
            ],
            [
              72.586154,
              23.018349
            ],
            [
              72.586091,
              23.018204
            ],
            [
              72.586058,
              23.017896
            ],
            [
              72.586057,
              23.017616
            ],
            [
              72.586017,
              23.017484
            ],
            [
              72.585924,
              23.017235
            ],
            [
              72.585856,
              23.017005
            ],
            [
              72.58579,
              23.01669
            ],
            [
              72.585351,
              23.01675
            ],
            [
              72.585147,
              23.016744
            ],
            [
              72.584948,
              23.016673
            ],
            [
              72.584879,
              23.016578
            ],
            [
              72.584768,
              23.016456
            ],
            [
              72.584453,
              23.016432
            ],
            [
              72.584139,
              23.016429
            ],
            [
              72.583837,
              23.016434
            ],
            [
              72.583784,
              23.016252
            ],
            [
              72.583709,
              23.016123
            ],
            [
              72.583585,
              23.016074
            ],
            [
              72.583389,
              23.015946
            ],
            [
              72.583188,
              23.015957
            ],
            [
              72.583259,
              23.016293
            ],
            [
              72.583403,
              23.016759
            ],
            [
              72.583414,
              23.017264
            ],
            [
              72.583389,
              23.018262
            ],
            [
              72.583409,
              23.018864
            ],
            [
              72.583584,
              23.019894
            ],
            [
              72.58386,
              23.020578
            ],
            [
              72.584032,
              23.021118
            ],
            [
              72.584028,
              23.021276
            ],
            [
              72.584038,
              23.021274
            ],
            [
              72.584032,
              23.02146
            ],
            [
              72.584054,
              23.022588
            ],
            [
              72.584003,
              23.023643
            ],
            [
              72.583923,
              23.023756
            ],
            [
              72.583651,
              23.024151
            ],
            [
              72.583684,
              23.02445
            ],
            [
              72.583718,
              23.024734
            ],
            [
              72.583724,
              23.024768
            ],
            [
              72.583723,
              23.024768
            ],
            [
              72.582904,
              23.024782
            ],
            [
              72.582903,
              23.024902
            ],
            [
              72.582933,
              23.025414
            ],
            [
              72.582987,
              23.025788
            ],
            [
              72.583013,
              23.026348
            ],
            [
              72.583017,
              23.02639
            ],
            [
              72.583069,
              23.026925
            ],
            [
              72.583086,
              23.027568
            ],
            [
              72.583111,
              23.027908
            ],
            [
              72.583051,
              23.028537
            ],
            [
              72.583066,
              23.028917
            ],
            [
              72.583089,
              23.029225
            ],
            [
              72.583282,
              23.029825
            ],
            [
              72.583422,
              23.030415
            ],
            [
              72.583514,
              23.030573
            ],
            [
              72.583612,
              23.030741
            ],
            [
              72.584243,
              23.031854
            ],
            [
              72.584786,
              23.032877
            ],
            [
              72.585337,
              23.033723
            ],
            [
              72.585234,
              23.033778
            ],
            [
              72.585114,
              23.033803
            ],
            [
              72.584881,
              23.033804
            ],
            [
              72.584385,
              23.033782
            ],
            [
              72.584076,
              23.033729
            ],
            [
              72.583473,
              23.033604
            ],
            [
              72.583255,
              23.033561
            ],
            [
              72.583251,
              23.03356
            ],
            [
              72.582902,
              23.033593
            ],
            [
              72.582967,
              23.034168
            ],
            [
              72.582929,
              23.034706
            ],
            [
              72.582918,
              23.034817
            ],
            [
              72.5828,
              23.034944
            ],
            [
              72.58267,
              23.03509
            ],
            [
              72.582463,
              23.035246
            ],
            [
              72.582311,
              23.035385
            ],
            [
              72.582095,
              23.035436
            ],
            [
              72.581913,
              23.035546
            ],
            [
              72.581718,
              23.035688
            ],
            [
              72.581456,
              23.035701
            ],
            [
              72.580921,
              23.035707
            ],
            [
              72.580216,
              23.035726
            ],
            [
              72.580017,
              23.035748
            ],
            [
              72.579829,
              23.035745
            ],
            [
              72.5797,
              23.035731
            ],
            [
              72.57956,
              23.035721
            ]
          ]
        ]
      },
      "properties": {
        "zone_id": "ward-29",
        "name": "Jamalpur",
        "ward_number": 29,
        "center_lat": 23.021483,
        "center_lon": 72.580612,
        "area_km2": 2.8194,
        "geometry_source": "amc_ward_boundary"
      }
    },
    {
      "type": "Feature",
      "id": "ward-28",
      "geometry": {
        "type": "Polygon",
        "coordinates": [
          [
            [
              72.594945,
              23.029569
            ],
            [
              72.594731,
              23.029858
            ],
            [
              72.594599,
              23.029971
            ],
            [
              72.594404,
              23.030245
            ],
            [
              72.594173,
              23.030676
            ],
            [
              72.593983,
              23.031069
            ],
            [
              72.593778,
              23.03146
            ],
            [
              72.593594,
              23.031711
            ],
            [
              72.593456,
              23.031854
            ],
            [
              72.593316,
              23.031972
            ],
            [
              72.593157,
              23.032012
            ],
            [
              72.592966,
              23.032019
            ],
            [
              72.592764,
              23.032002
            ],
            [
              72.592622,
              23.032027
            ],
            [
              72.591996,
              23.032187
            ],
            [
              72.591864,
              23.032245
            ],
            [
              72.591762,
              23.032275
            ],
            [
              72.591619,
              23.03228
            ],
            [
              72.591438,
              23.032292
            ],
            [
              72.591142,
              23.032342
            ],
            [
              72.590888,
              23.032366
            ],
            [
              72.59078,
              23.032355
            ],
            [
              72.590684,
              23.032293
            ],
            [
              72.590554,
              23.032193
            ],
            [
              72.590548,
              23.032185
            ],
            [
              72.590547,
              23.032183
            ],
            [
              72.590622,
              23.031831
            ],
            [
              72.590703,
              23.031484
            ],
            [
              72.590775,
              23.031141
            ],
            [
              72.590798,
              23.030928
            ],
            [
              72.590805,
              23.03046
            ],
            [
              72.590813,
              23.029971
            ],
            [
              72.590787,
              23.029867
            ],
            [
              72.590657,
              23.029726
            ],
            [
              72.590406,
              23.02939
            ],
            [
              72.59022,
              23.029142
            ],
            [
              72.590039,
              23.028954
            ],
            [
              72.589844,
              23.028752
            ],
            [
              72.589628,
              23.028514
            ],
            [
              72.589274,
              23.028124
            ],
            [
              72.589193,
              23.027996
            ],
            [
              72.58912,
              23.02788
            ],
            [
              72.58873,
              23.027784
            ],
            [
              72.587913,
              23.027584
            ],
            [
              72.587387,
              23.027551
            ],
            [
              72.587053,
              23.027525
            ],
            [
              72.586561,
              23.027256
            ],
            [
              72.586071,
              23.026989
            ],
            [
              72.585488,
              23.026687
            ],
            [
              72.585025,
              23.026505
            ],
            [
              72.584629,
              23.026411
            ],
            [
              72.584181,
              23.026365
            ],
            [
              72.58365,
              23.026381
            ],
            [
              72.58306,
              23.02641
            ],
            [
              72.583056,
              23.026368
            ],
            [
              72.58303,
              23.025808
            ],
            [
              72.582976,
              23.025434
            ],
            [
              72.582946,
              23.024922
            ],
            [
              72.582947,
              23.024802
            ],
            [
              72.583766,
              23.024788
            ],
            [
              72.583767,
              23.024788
            ],
            [
              72.583761,
              23.024754
            ],
            [
              72.583727,
              23.02447
            ],
            [
              72.583694,
              23.024171
            ],
            [
              72.583966,
              23.023776
            ],
            [
              72.584046,
              23.023663
            ],
            [
              72.584097,
              23.022608
            ],
            [
              72.584075,
              23.02148
            ],
            [
              72.584081,
              23.021294
            ],
            [
              72.584071,
              23.021296
            ],
            [
              72.584075,
              23.021138
            ],
            [
              72.583903,
              23.020598
            ],
            [
              72.583627,
              23.019914
            ],
            [
              72.583452,
              23.018884
            ],
            [
              72.583432,
              23.018282
            ],
            [
              72.583457,
              23.017284
            ],
            [
              72.583446,
              23.016779
            ],
            [
              72.583302,
              23.016313
            ],
            [
              72.583231,
              23.015977
            ],
            [
              72.583432,
              23.015966
            ],
            [
              72.583628,
              23.016094
            ],
            [
              72.583752,
              23.016143
            ],
            [
              72.583827,
              23.016272
            ],
            [
              72.58388,
              23.016454
            ],
            [
              72.584182,
              23.016449
            ],
            [
              72.584496,
              23.016452
            ],
            [
              72.584811,
              23.016476
            ],
            [
              72.584922,
              23.016598
            ],
            [
              72.584991,
              23.016693
            ],
            [
              72.58519,
              23.016764
            ],
            [
              72.585394,
              23.01677
            ],
            [
              72.585833,
              23.01671
            ],
            [
              72.585899,
              23.017025
            ],
            [
              72.585967,
              23.017255
            ],
            [
              72.58606,
              23.017504
            ],
            [
              72.5861,
              23.017636
            ],
            [
              72.586101,
              23.017916
            ],
            [
              72.586134,
              23.018224
            ],
            [
              72.586197,
              23.018369
            ],
            [
              72.586247,
              23.018545
            ],
            [
              72.586257,
              23.018698
            ],
            [
              72.586318,
              23.018917
            ],
            [
              72.586342,
              23.019065
            ],
            [
              72.586332,
              23.019218
            ],
            [
              72.586311,
              23.019405
            ],
            [
              72.586247,
              23.01957
            ],
            [
              72.586235,
              23.019659
            ],
            [
              72.5867,
              23.019397
            ],
            [
              72.587088,
              23.019202
            ],
            [
              72.58794,
              23.01884
            ],
            [
              72.588639,
              23.018554
            ],
            [
              72.589307,
              23.018329
            ],
            [
              72.58942,
              23.018251
            ],
            [
              72.589473,
              23.018154
            ],
            [
              72.589636,
              23.017784
            ],
            [
              72.589733,
              23.017622
            ],
            [
              72.589879,
              23.017405
            ],
            [
              72.590109,
              23.017181
            ],
            [
              72.590316,
              23.017002
            ],
            [
              72.590567,
              23.016864
            ],
            [
              72.590784,
              23.016786
            ],
            [
              72.591065,
              23.016726
            ],
            [
              72.590972,
              23.015608
            ],
            [
              72.591351,
              23.013966
            ],
            [
              72.591738,
              23.013458
            ],
            [
              72.591965,
              23.012969
            ],
            [
              72.592423,
              23.011578
            ],
            [
              72.594262,
              23.011941
            ],
            [
              72.596879,
              23.012385
            ],
            [
              72.597449,
              23.011797
            ],
            [
              72.597867,
              23.011996
            ],
            [
              72.599268,
              23.012069
            ],
            [
              72.600083,
              23.012233
            ],
            [
              72.600662,
              23.01242
            ],
            [
              72.601421,
              23.012534
            ],
            [
              72.604809,
              23.013546
            ],
            [
              72.603347,
              23.017177
            ],
            [
              72.602166,
              23.020561
            ],
            [
              72.601857,
              23.021196
            ],
            [
              72.601473,
              23.022616
            ],
            [
              72.601271,
              23.024233
            ],
            [
              72.601269,
              23.026419
            ],
            [
              72.601203,
              23.027875
            ],
            [
              72.601197,
              23.030389
            ],
            [
              72.601324,
              23.031671
            ],
            [
              72.601571,
              23.033244
            ],
            [
              72.601166,
              23.033284
            ],
            [
              72.60077,
              23.033243
            ],
            [
              72.600368,
              23.033058
            ],
            [
              72.599555,
              23.032194
            ],
            [
              72.598792,
              23.031202
            ],
            [
              72.597961,
              23.030834
            ],
            [
              72.597795,
              23.030777
            ],
            [
              72.59731,
              23.030643
            ],
            [
              72.597067,
              23.030524
            ],
            [
              72.596752,
              23.030354
            ],
            [
              72.596403,
              23.030215
            ],
            [
              72.595972,
              23.030023
            ],
            [
              72.595481,
              23.029802
            ],
            [
              72.595052,
              23.029562
            ],
            [
              72.594945,
              23.029569
            ]
          ]
        ]
      },
      "properties": {
        "zone_id": "ward-28",
        "name": "Khadia",
        "ward_number": 28,
        "center_lat": 23.021723,
        "center_lon": 72.594371,
        "area_km2": 3.2745,
        "geometry_source": "amc_ward_boundary"
      }
    },
    {
      "type": "Feature",
      "id": "ward-27",
      "geometry": {
        "type": "Polygon",
        "coordinates": [
          [
            [
              72.623097,
              23.039612
            ],
            [
              72.623273,
              23.039948
            ],
            [
              72.622706,
              23.039783
            ],
            [
              72.621487,
              23.039451
            ],
            [
              72.619858,
              23.039383
            ],
            [
              72.617518,
              23.038611
            ],
            [
              72.615255,
              23.03786
            ],
            [
              72.61272,
              23.036626
            ],
            [
              72.611972,
              23.036429
            ],
            [
              72.611354,
              23.036235
            ],
            [
              72.610516,
              23.03571
            ],
            [
              72.609594,
              23.035133
            ],
            [
              72.609204,
              23.034857
            ],
            [
              72.609113,
              23.034715
            ],
            [
              72.609065,
              23.034176
            ],
            [
              72.609109,
              23.033508
            ],
            [
              72.607088,
              23.033447
            ],
            [
              72.60693,
              23.033293
            ],
            [
              72.606861,
              23.032844
            ],
            [
              72.60689,
              23.032734
            ],
            [
              72.605494,
              23.03226
            ],
            [
              72.60423,
              23.031885
            ],
            [
              72.603486,
              23.031679
            ],
            [
              72.602825,
              23.032618
            ],
            [
              72.602192,
              23.033184
            ],
            [
              72.601592,
              23.033224
            ],
            [
              72.601345,
              23.031651
            ],
            [
              72.601218,
              23.030369
            ],
            [
              72.601224,
              23.027855
            ],
            [
              72.60129,
              23.026399
            ],
            [
              72.603174,
              23.026612
            ],
            [
              72.603711,
              23.026985
            ],
            [
              72.603934,
              23.026924
            ],
            [
              72.604496,
              23.026635
            ],
            [
              72.604781,
              23.026467
            ],
            [
              72.604965,
              23.026198
            ],
            [
              72.605227,
              23.02574
            ],
            [
              72.605719,
              23.025619
            ],
            [
              72.605987,
              23.025494
            ],
            [
              72.606586,
              23.024678
            ],
            [
              72.608029,
              23.02554
            ],
            [
              72.608557,
              23.025873
            ],
            [
              72.609108,
              23.026287
            ],
            [
              72.609856,
              23.025764
            ],
            [
              72.613542,
              23.026069
            ],
            [
              72.614092,
              23.025296
            ],
            [
              72.614679,
              23.023081
            ],
            [
              72.614524,
              23.022762
            ],
            [
              72.614139,
              23.022145
            ],
            [
              72.615003,
              23.022155
            ],
            [
              72.615929,
              23.022201
            ],
            [
              72.616728,
              23.022184
            ],
            [
              72.617456,
              23.022196
            ],
            [
              72.618225,
              23.022179
            ],
            [
              72.619633,
              23.022336
            ],
            [
              72.620117,
              23.022307
            ],
            [
              72.620953,
              23.022203
            ],
            [
              72.621688,
              23.022073
            ],
            [
              72.622557,
              23.02183
            ],
            [
              72.623308,
              23.021575
            ],
            [
              72.623678,
              23.021487
            ],
            [
              72.624155,
              23.02152
            ],
            [
              72.624854,
              23.021703
            ],
            [
              72.625897,
              23.022009
            ],
            [
              72.6261,
              23.022069
            ],
            [
              72.627178,
              23.02247
            ],
            [
              72.627047,
              23.023167
            ],
            [
              72.626983,
              23.024063
            ],
            [
              72.626848,
              23.024422
            ],
            [
              72.626845,
              23.024987
            ],
            [
              72.626872,
              23.027198
            ],
            [
              72.626683,
              23.027604
            ],
            [
              72.626701,
              23.028484
            ],
            [
              72.625138,
              23.028572
            ],
            [
              72.624434,
              23.028564
            ],
            [
              72.622739,
              23.028598
            ],
            [
              72.622069,
              23.028655
            ],
            [
              72.622049,
              23.029987
            ],
            [
              72.622124,
              23.031348
            ],
            [
              72.622317,
              23.033332
            ],
            [
              72.622369,
              23.034821
            ],
            [
              72.621723,
              23.034876
            ],
            [
              72.622429,
              23.036681
            ],
            [
              72.622932,
              23.037923
            ],
            [
              72.622956,
              23.038184
            ],
            [
              72.621966,
              23.038549
            ],
            [
              72.623097,
              23.039612
            ]
          ]
        ]
      },
      "properties": {
        "zone_id": "ward-27",
        "name": "Saraspur-Rakhiyal",
        "ward_number": 27,
        "center_lat": 23.029801,
        "center_lon": 72.615273,
        "area_km2": 3.0651,
        "geometry_source": "amc_ward_boundary"
      }
    },
    {
      "type": "Feature",
      "id": "ward-26",
      "geometry": {
        "type": "Polygon",
        "coordinates": [
          [
            [
              72.629964,
              23.038843
            ],
            [
              72.628711,
              23.039159
            ],
            [
              72.627852,
              23.039394
            ],
            [
              72.625965,
              23.040241
            ],
            [
              72.625216,
              23.040493
            ],
            [
              72.624181,
              23.040748
            ],
            [
              72.623797,
              23.040477
            ],
            [
              72.623144,
              23.040047
            ],
            [
              72.622968,
              23.039711
            ],
            [
              72.621837,
              23.038648
            ],
            [
              72.622827,
              23.038283
            ],
            [
              72.622803,
              23.038022
            ],
            [
              72.6223,
              23.03678
            ],
            [
              72.621594,
              23.034975
            ],
            [
              72.62224,
              23.03492
            ],
            [
              72.622188,
              23.033431
            ],
            [
              72.621995,
              23.031447
            ],
            [
              72.62192,
              23.030086
            ],
            [
              72.62194,
              23.028754
            ],
            [
              72.62261,
              23.028697
            ],
            [
              72.624305,
              23.028663
            ],
            [
              72.625009,
              23.028671
            ],
            [
              72.626572,
              23.028583
            ],
            [
              72.626554,
              23.027703
            ],
            [
              72.626743,
              23.027297
            ],
            [
              72.626716,
              23.025086
            ],
            [
              72.626719,
              23.024521
            ],
            [
              72.626854,
              23.024162
            ],
            [
              72.626918,
              23.023266
            ],
            [
              72.627049,
              23.022569
            ],
            [
              72.630398,
              23.023784
            ],
            [
              72.630637,
              23.023843
            ],
            [
              72.630892,
              23.023869
            ],
            [
              72.632003,
              23.023915
            ],
            [
              72.632783,
              23.02386
            ],
            [
              72.632831,
              23.024397
            ],
            [
              72.637299,
              23.026521
            ],
            [
              72.638558,
              23.02699
            ],
            [
              72.638873,
              23.027164
            ],
            [
              72.638874,
              23.027171
            ],
            [
              72.638905,
              23.028105
            ],
            [
              72.639177,
              23.030813
            ],
            [
              72.639442,
              23.033097
            ],
            [
              72.639653,
              23.03455
            ],
            [
              72.639965,
              23.036651
            ],
            [
              72.640228,
              23.039111
            ],
            [
              72.63895,
              23.039159
            ],
            [
              72.63786,
              23.039159
            ],
            [
              72.636854,
              23.039128
            ],
            [
              72.633034,
              23.038947
            ],
            [
              72.631009,
              23.0389
            ],
            [
              72.630458,
              23.038833
            ],
            [
              72.629964,
              23.038843
            ]
          ]
        ]
      },
      "properties": {
        "zone_id": "ward-26",
        "name": "Bapunagar",
        "ward_number": 26,
        "center_lat": 23.032489,
        "center_lon": 72.630883,
        "area_km2": 2.6863,
        "geometry_source": "amc_ward_boundary"
      }
    },
    {
      "type": "Feature",
      "id": "ward-25",
      "geometry": {
        "type": "Polygon",
        "coordinates": [
          [
            [
              72.656388,
              23.040714
            ],
            [
              72.655941,
              23.040677
            ],
            [
              72.654324,
              23.040469
            ],
            [
              72.653013,
              23.040256
            ],
            [
              72.652899,
              23.040139
            ],
            [
              72.652352,
              23.039937
            ],
            [
              72.651077,
              23.039647
            ],
            [
              72.649825,
              23.039244
            ],
            [
              72.648649,
              23.038987
            ],
            [
              72.647263,
              23.038451
            ],
            [
              72.645929,
              23.038279
            ],
            [
              72.644727,
              23.038241
            ],
            [
              72.642502,
              23.038389
            ],
            [
              72.641956,
              23.038623
            ],
            [
              72.64114,
              23.038779
            ],
            [
              72.640293,
              23.038835
            ],
            [
              72.64003,
              23.036375
            ],
            [
              72.639718,
              23.034274
            ],
            [
              72.639507,
              23.032821
            ],
            [
              72.639242,
              23.030537
            ],
            [
              72.63897,
              23.027829
            ],
            [
              72.638939,
              23.026895
            ],
            [
              72.638938,
              23.026888
            ],
            [
              72.638623,
              23.026714
            ],
            [
              72.637364,
              23.026245
            ],
            [
              72.632896,
              23.024121
            ],
            [
              72.632848,
              23.023584
            ],
            [
              72.632068,
              23.023639
            ],
            [
              72.630957,
              23.023593
            ],
            [
              72.630702,
              23.023567
            ],
            [
              72.630463,
              23.023508
            ],
            [
              72.627114,
              23.022293
            ],
            [
              72.626036,
              23.021892
            ],
            [
              72.625833,
              23.021832
            ],
            [
              72.625913,
              23.020594
            ],
            [
              72.626955,
              23.02029
            ],
            [
              72.628368,
              23.020039
            ],
            [
              72.63051,
              23.019982
            ],
            [
              72.632181,
              23.02002
            ],
            [
              72.632739,
              23.019947
            ],
            [
              72.633775,
              23.019931
            ],
            [
              72.635824,
              23.020032
            ],
            [
              72.638531,
              23.020428
            ],
            [
              72.638626,
              23.014629
            ],
            [
              72.638679,
              23.014478
            ],
            [
              72.63903,
              23.014482
            ],
            [
              72.640784,
              23.01488
            ],
            [
              72.641845,
              23.014853
            ],
            [
              72.642012,
              23.014919
            ],
            [
              72.642163,
              23.017039
            ],
            [
              72.642244,
              23.017726
            ],
            [
              72.642416,
              23.018196
            ],
            [
              72.643349,
              23.018849
            ],
            [
              72.6453,
              23.020067
            ],
            [
              72.646074,
              23.02043
            ],
            [
              72.647896,
              23.021235
            ],
            [
              72.648151,
              23.02142
            ],
            [
              72.648246,
              23.021605
            ],
            [
              72.648371,
              23.021979
            ],
            [
              72.648478,
              23.02232
            ],
            [
              72.648614,
              23.024015
            ],
            [
              72.648722,
              23.024529
            ],
            [
              72.649033,
              23.025121
            ],
            [
              72.649237,
              23.02559
            ],
            [
              72.649393,
              23.026129
            ],
            [
              72.649591,
              23.026881
            ],
            [
              72.649657,
              23.027259
            ],
            [
              72.649661,
              23.027802
            ],
            [
              72.649641,
              23.028557
            ],
            [
              72.649477,
              23.029174
            ],
            [
              72.64934,
              23.029306
            ],
            [
              72.649138,
              23.029341
            ],
            [
              72.649094,
              23.029412
            ],
            [
              72.648695,
              23.030615
            ],
            [
              72.649025,
              23.030725
            ],
            [
              72.649622,
              23.030885
            ],
            [
              72.650683,
              23.031114
            ],
            [
              72.65165,
              23.031344
            ],
            [
              72.651816,
              23.031386
            ],
            [
              72.653075,
              23.03165
            ],
            [
              72.654565,
              23.031825
            ],
            [
              72.656425,
              23.031949
            ],
            [
              72.658849,
              23.032144
            ],
            [
              72.658861,
              23.032773
            ],
            [
              72.65876,
              23.033407
            ],
            [
              72.658753,
              23.033738
            ],
            [
              72.658251,
              23.034526
            ],
            [
              72.65858,
              23.034681
            ],
            [
              72.6586,
              23.034545
            ],
            [
              72.659218,
              23.034484
            ],
            [
              72.659753,
              23.034578
            ],
            [
              72.659991,
              23.035449
            ],
            [
              72.659756,
              23.035393
            ],
            [
              72.659682,
              23.035654
            ],
            [
              72.659181,
              23.03565
            ],
            [
              72.658778,
              23.037403
            ],
            [
              72.658835,
              23.038788
            ],
            [
              72.657785,
              23.038155
            ],
            [
              72.656997,
              23.038003
            ],
            [
              72.656218,
              23.038073
            ],
            [
              72.656195,
              23.038434
            ],
            [
              72.656159,
              23.038425
            ],
            [
              72.656135,
              23.038526
            ],
            [
              72.656103,
              23.039064
            ],
            [
              72.656044,
              23.03962
            ],
            [
              72.65601,
              23.040008
            ],
            [
              72.656041,
              23.040192
            ],
            [
              72.656097,
              23.040412
            ],
            [
              72.656117,
              23.04057
            ],
            [
              72.656388,
              23.040714
            ]
          ]
        ]
      },
      "properties": {
        "zone_id": "ward-25",
        "name": "Viratnagar",
        "ward_number": 25,
        "center_lat": 23.028875,
        "center_lon": 72.644497,
        "area_km2": 3.7518,
        "geometry_source": "amc_ward_boundary"
      }
    },
    {
      "type": "Feature",
      "id": "ward-24",
      "geometry": {
        "type": "Polygon",
        "coordinates": [
          [
            [
              72.67657,
              23.068085
            ],
            [
              72.676164,
              23.0681
            ],
            [
              72.675926,
              23.068152
            ],
            [
              72.676185,
              23.06953
            ],
            [
              72.674421,
              23.069813
            ],
            [
              72.672489,
              23.069929
            ],
            [
              72.669976,
              23.070246
            ],
            [
              72.667076,
              23.070794
            ],
            [
              72.665611,
              23.070977
            ],
            [
              72.66352,
              23.07148
            ],
            [
              72.663141,
              23.071391
            ],
            [
              72.663068,
              23.070745
            ],
            [
              72.663021,
              23.069383
            ],
            [
              72.662897,
              23.06906
            ],
            [
              72.662693,
              23.068914
            ],
            [
              72.662625,
              23.068877
            ],
            [
              72.661316,
              23.068261
            ],
            [
              72.661501,
              23.068179
            ],
            [
              72.661548,
              23.067925
            ],
            [
              72.661906,
              23.067685
            ],
            [
              72.661952,
              23.067654
            ],
            [
              72.661957,
              23.067622
            ],
            [
              72.662081,
              23.066992
            ],
            [
              72.662119,
              23.066906
            ],
            [
              72.662235,
              23.066339
            ],
            [
              72.662272,
              23.066107
            ],
            [
              72.662318,
              23.065975
            ],
            [
              72.662336,
              23.065784
            ],
            [
              72.662318,
              23.065514
            ],
            [
              72.662403,
              23.064954
            ],
            [
              72.662352,
              23.064712
            ],
            [
              72.662384,
              23.064434
            ],
            [
              72.662436,
              23.063704
            ],
            [
              72.662413,
              23.063101
            ],
            [
              72.661744,
              23.06309
            ],
            [
              72.661777,
              23.062376
            ],
            [
              72.661801,
              23.061829
            ],
            [
              72.661806,
              23.061761
            ],
            [
              72.661812,
              23.061566
            ],
            [
              72.661863,
              23.061233
            ],
            [
              72.661993,
              23.0604
            ],
            [
              72.662013,
              23.060295
            ],
            [
              72.662092,
              23.059705
            ],
            [
              72.661406,
              23.059668
            ],
            [
              72.661389,
              23.058823
            ],
            [
              72.660844,
              23.058769
            ],
            [
              72.660271,
              23.058857
            ],
            [
              72.659948,
              23.05919
            ],
            [
              72.659683,
              23.059489
            ],
            [
              72.659228,
              23.05951
            ],
            [
              72.658714,
              23.0584
            ],
            [
              72.658454,
              23.058091
            ],
            [
              72.65822,
              23.05654
            ],
            [
              72.657857,
              23.053947
            ],
            [
              72.657647,
              23.051788
            ],
            [
              72.657455,
              23.049664
            ],
            [
              72.652907,
              23.050139
            ],
            [
              72.653214,
              23.049112
            ],
            [
              72.65351,
              23.048383
            ],
            [
              72.653083,
              23.048318
            ],
            [
              72.653016,
              23.047574
            ],
            [
              72.653265,
              23.047316
            ],
            [
              72.653321,
              23.047155
            ],
            [
              72.654378,
              23.047209
            ],
            [
              72.654479,
              23.046906
            ],
            [
              72.654229,
              23.046201
            ],
            [
              72.654519,
              23.04571
            ],
            [
              72.65378,
              23.045197
            ],
            [
              72.653991,
              23.044357
            ],
            [
              72.653518,
              23.043793
            ],
            [
              72.653647,
              23.043309
            ],
            [
              72.653663,
              23.043246
            ],
            [
              72.653652,
              23.043244
            ],
            [
              72.653145,
              23.043156
            ],
            [
              72.652872,
              23.042414
            ],
            [
              72.652876,
              23.041855
            ],
            [
              72.652716,
              23.041735
            ],
            [
              72.652874,
              23.041159
            ],
            [
              72.653333,
              23.040994
            ],
            [
              72.653194,
              23.040473
            ],
            [
              72.652981,
              23.040256
            ],
            [
              72.654292,
              23.040469
            ],
            [
              72.655909,
              23.040677
            ],
            [
              72.656356,
              23.040714
            ],
            [
              72.656085,
              23.04057
            ],
            [
              72.656065,
              23.040412
            ],
            [
              72.656009,
              23.040192
            ],
            [
              72.655978,
              23.040008
            ],
            [
              72.656012,
              23.03962
            ],
            [
              72.656071,
              23.039064
            ],
            [
              72.656103,
              23.038526
            ],
            [
              72.656127,
              23.038425
            ],
            [
              72.656163,
              23.038434
            ],
            [
              72.656186,
              23.038073
            ],
            [
              72.656965,
              23.038003
            ],
            [
              72.657753,
              23.038155
            ],
            [
              72.658802,
              23.038788
            ],
            [
              72.658745,
              23.037403
            ],
            [
              72.659149,
              23.03565
            ],
            [
              72.65965,
              23.035654
            ],
            [
              72.659723,
              23.035393
            ],
            [
              72.659959,
              23.035449
            ],
            [
              72.659721,
              23.034578
            ],
            [
              72.659186,
              23.034484
            ],
            [
              72.658568,
              23.034545
            ],
            [
              72.658548,
              23.034681
            ],
            [
              72.658219,
              23.034526
            ],
            [
              72.658721,
              23.033738
            ],
            [
              72.658727,
              23.033407
            ],
            [
              72.658828,
              23.032773
            ],
            [
              72.658817,
              23.032144
            ],
            [
              72.66,
              23.03197
            ],
            [
              72.660453,
              23.03196
            ],
            [
              72.661083,
              23.031947
            ],
            [
              72.662319,
              23.032353
            ],
            [
              72.663003,
              23.032448
            ],
            [
              72.663516,
              23.032498
            ],
            [
              72.665342,
              23.032677
            ],
            [
              72.667282,
              23.032679
            ],
            [
              72.668672,
              23.032284
            ],
            [
              72.669023,
              23.032266
            ],
            [
              72.669236,
              23.032219
            ],
            [
              72.669513,
              23.032158
            ],
            [
              72.669785,
              23.032099
            ],
            [
              72.670089,
              23.032033
            ],
            [
              72.670395,
              23.031966
            ],
            [
              72.670649,
              23.03191
            ],
            [
              72.672113,
              23.03159
            ],
            [
              72.672753,
              23.031507
            ],
            [
              72.672901,
              23.031455
            ],
            [
              72.673125,
              23.030703
            ],
            [
              72.67318,
              23.03055
            ],
            [
              72.673383,
              23.029982
            ],
            [
              72.673601,
              23.029449
            ],
            [
              72.673654,
              23.029319
            ],
            [
              72.673878,
              23.028773
            ],
            [
              72.673997,
              23.02858
            ],
            [
              72.673862,
              23.028143
            ],
            [
              72.673778,
              23.027846
            ],
            [
              72.674179,
              23.027706
            ],
            [
              72.674216,
              23.027689
            ],
            [
              72.67423,
              23.027688
            ],
            [
              72.674524,
              23.027666
            ],
            [
              72.674963,
              23.027698
            ],
            [
              72.675555,
              23.027786
            ],
            [
              72.676237,
              23.027888
            ],
            [
              72.676622,
              23.027179
            ],
            [
              72.67854,
              23.027534
            ],
            [
              72.67904,
              23.027521
            ],
            [
              72.67912,
              23.026387
            ],
            [
              72.679142,
              23.026038
            ],
            [
              72.679335,
              23.024697
            ],
            [
              72.679354,
              23.024573
            ],
            [
              72.679828,
              23.024528
            ],
            [
              72.682044,
              23.024518
            ],
            [
              72.682219,
              23.024544
            ],
            [
              72.682984,
              23.024596
            ],
            [
              72.683627,
              23.02464
            ],
            [
              72.684695,
              23.024712
            ],
            [
              72.68482,
              23.025896
            ],
            [
              72.6853,
              23.026098
            ],
            [
              72.685146,
              23.026776
            ],
            [
              72.685349,
              23.028386
            ],
            [
              72.685294,
              23.029385
            ],
            [
              72.685186,
              23.030001
            ],
            [
              72.685204,
              23.030546
            ],
            [
              72.685557,
              23.030733
            ],
            [
              72.685931,
              23.030737
            ],
            [
              72.686505,
              23.031251
            ],
            [
              72.686911,
              23.031903
            ],
            [
              72.687198,
              23.032974
            ],
            [
              72.687358,
              23.033049
            ],
            [
              72.688514,
              23.033212
            ],
            [
              72.688513,
              23.033956
            ],
            [
              72.68872,
              23.034687
            ],
            [
              72.686998,
              23.034628
            ],
            [
              72.686834,
              23.034683
            ],
            [
              72.686837,
              23.035723
            ],
            [
              72.685924,
              23.036197
            ],
            [
              72.685742,
              23.036352
            ],
            [
              72.685514,
              23.036645
            ],
            [
              72.685213,
              23.03696
            ],
            [
              72.684977,
              23.037489
            ],
            [
              72.684913,
              23.037609
            ],
            [
              72.684832,
              23.037809
            ],
            [
              72.684685,
              23.037865
            ],
            [
              72.684242,
              23.038151
            ],
            [
              72.683769,
              23.03842
            ],
            [
              72.683205,
              23.03875
            ],
            [
              72.683271,
              23.038877
            ],
            [
              72.682925,
              23.039479
            ],
            [
              72.682834,
              23.039698
            ],
            [
              72.682626,
              23.040354
            ],
            [
              72.682587,
              23.040384
            ],
            [
              72.682632,
              23.040787
            ],
            [
              72.682648,
              23.041027
            ],
            [
              72.682637,
              23.04116
            ],
            [
              72.682627,
              23.041841
            ],
            [
              72.682632,
              23.042444
            ],
            [
              72.68263,
              23.043211
            ],
            [
              72.68263,
              23.043291
            ],
            [
              72.682884,
              23.043477
            ],
            [
              72.683436,
              23.044292
            ],
            [
              72.683925,
              23.044935
            ],
            [
              72.684044,
              23.045062
            ],
            [
              72.684096,
              23.045462
            ],
            [
              72.684151,
              23.045684
            ],
            [
              72.684022,
              23.046193
            ],
            [
              72.683916,
              23.046634
            ],
            [
              72.683736,
              23.046795
            ],
            [
              72.683487,
              23.046959
            ],
            [
              72.683409,
              23.047406
            ],
            [
              72.682715,
              23.0474
            ],
            [
              72.682693,
              23.047547
            ],
            [
              72.682728,
              23.047704
            ],
            [
              72.683111,
              23.048551
            ],
            [
              72.683111,
              23.048618
            ],
            [
              72.683634,
              23.04988
            ],
            [
              72.683682,
              23.049992
            ],
            [
              72.684053,
              23.051093
            ],
            [
              72.684122,
              23.051202
            ],
            [
              72.68409,
              23.051438
            ],
            [
              72.684152,
              23.051705
            ],
            [
              72.684155,
              23.051931
            ],
            [
              72.684158,
              23.05238
            ],
            [
              72.684195,
              23.053054
            ],
            [
              72.684202,
              23.053512
            ],
            [
              72.684607,
              23.054277
            ],
            [
              72.684579,
              23.054773
            ],
            [
              72.684569,
              23.054865
            ],
            [
              72.683941,
              23.055934
            ],
            [
              72.683617,
              23.056461
            ],
            [
              72.682599,
              23.056892
            ],
            [
              72.682491,
              23.056945
            ],
            [
              72.68213,
              23.057227
            ],
            [
              72.68167,
              23.05732
            ],
            [
              72.681574,
              23.057354
            ],
            [
              72.680043,
              23.057862
            ],
            [
              72.68011,
              23.058283
            ],
            [
              72.680147,
              23.058719
            ],
            [
              72.679995,
              23.059797
            ],
            [
              72.679971,
              23.059965
            ],
            [
              72.679905,
              23.059996
            ],
            [
              72.680042,
              23.060345
            ],
            [
              72.681098,
              23.061749
            ],
            [
              72.681039,
              23.062298
            ],
            [
              72.680978,
              23.062943
            ],
            [
              72.680956,
              23.063443
            ],
            [
              72.681119,
              23.063863
            ],
            [
              72.681196,
              23.064107
            ],
            [
              72.681297,
              23.064373
            ],
            [
              72.681225,
              23.064422
            ],
            [
              72.681232,
              23.064506
            ],
            [
              72.68116,
              23.064791
            ],
            [
              72.681229,
              23.064977
            ],
            [
              72.68145,
              23.065184
            ],
            [
              72.681325,
              23.06531
            ],
            [
              72.681321,
              23.065389
            ],
            [
              72.681093,
              23.065977
            ],
            [
              72.680949,
              23.06644
            ],
            [
              72.68041,
              23.066899
            ],
            [
              72.680023,
              23.067258
            ],
            [
              72.679511,
              23.067366
            ],
            [
              72.67917,
              23.067463
            ],
            [
              72.678661,
              23.067576
            ],
            [
              72.677594,
              23.06793
            ],
            [
              72.676975,
              23.067863
            ],
            [
              72.67657,
              23.068085
            ]
          ]
        ]
      },
      "properties": {
        "zone_id": "ward-24",
        "name": "Nikol",
        "ward_number": 24,
        "center_lat": 23.047872,
        "center_lon": 72.671071,
        "area_km2": 11.5148,
        "geometry_source": "amc_ward_boundary"
      }
    },
    {
      "type": "Feature",
      "id": "ward-23",
      "geometry": {
        "type": "Polygon",
        "coordinates": [
          [
            [
              72.652657,
              23.062411
            ],
            [
              72.652259,
              23.062423
            ],
            [
              72.65219,
              23.06231
            ],
            [
              72.652001,
              23.062326
            ],
            [
              72.65113,
              23.061376
            ],
            [
              72.650761,
              23.061158
            ],
            [
              72.650209,
              23.060317
            ],
            [
              72.650344,
              23.060064
            ],
            [
              72.649952,
              23.05908
            ],
            [
              72.649889,
              23.058986
            ],
            [
              72.65081,
              23.057182
            ],
            [
              72.651133,
              23.056985
            ],
            [
              72.651466,
              23.056464
            ],
            [
              72.651489,
              23.056427
            ],
            [
              72.647812,
              23.054378
            ],
            [
              72.647409,
              23.055466
            ],
            [
              72.647056,
              23.056141
            ],
            [
              72.646982,
              23.056327
            ],
            [
              72.646741,
              23.056651
            ],
            [
              72.646501,
              23.056703
            ],
            [
              72.646255,
              23.056707
            ],
            [
              72.645657,
              23.056766
            ],
            [
              72.644126,
              23.056992
            ],
            [
              72.643236,
              23.057088
            ],
            [
              72.642971,
              23.057353
            ],
            [
              72.642556,
              23.054094
            ],
            [
              72.641969,
              23.051095
            ],
            [
              72.641203,
              23.045956
            ],
            [
              72.640594,
              23.039755
            ],
            [
              72.640445,
              23.039484
            ],
            [
              72.640302,
              23.038901
            ],
            [
              72.640293,
              23.038815
            ],
            [
              72.64114,
              23.038759
            ],
            [
              72.641956,
              23.038603
            ],
            [
              72.642502,
              23.038369
            ],
            [
              72.644727,
              23.038221
            ],
            [
              72.645929,
              23.038259
            ],
            [
              72.647263,
              23.038431
            ],
            [
              72.648649,
              23.038967
            ],
            [
              72.649825,
              23.039224
            ],
            [
              72.651077,
              23.039627
            ],
            [
              72.652352,
              23.039917
            ],
            [
              72.652899,
              23.040119
            ],
            [
              72.653013,
              23.040236
            ],
            [
              72.653226,
              23.040453
            ],
            [
              72.653365,
              23.040974
            ],
            [
              72.652906,
              23.041139
            ],
            [
              72.652748,
              23.041715
            ],
            [
              72.652908,
              23.041835
            ],
            [
              72.652904,
              23.042394
            ],
            [
              72.653177,
              23.043136
            ],
            [
              72.653684,
              23.043224
            ],
            [
              72.653695,
              23.043226
            ],
            [
              72.653679,
              23.043289
            ],
            [
              72.65355,
              23.043773
            ],
            [
              72.654023,
              23.044337
            ],
            [
              72.653812,
              23.045177
            ],
            [
              72.654551,
              23.04569
            ],
            [
              72.654261,
              23.046181
            ],
            [
              72.654511,
              23.046886
            ],
            [
              72.65441,
              23.047189
            ],
            [
              72.653353,
              23.047135
            ],
            [
              72.653297,
              23.047296
            ],
            [
              72.653048,
              23.047554
            ],
            [
              72.653115,
              23.048298
            ],
            [
              72.653542,
              23.048363
            ],
            [
              72.653246,
              23.049092
            ],
            [
              72.652939,
              23.050119
            ],
            [
              72.657487,
              23.049644
            ],
            [
              72.657679,
              23.051768
            ],
            [
              72.657889,
              23.053927
            ],
            [
              72.658252,
              23.05652
            ],
            [
              72.658486,
              23.058071
            ],
            [
              72.658746,
              23.05838
            ],
            [
              72.659261,
              23.05949
            ],
            [
              72.659102,
              23.059497
            ],
            [
              72.658334,
              23.059431
            ],
            [
              72.658132,
              23.05943
            ],
            [
              72.657936,
              23.059417
            ],
            [
              72.657255,
              23.059446
            ],
            [
              72.657062,
              23.059433
            ],
            [
              72.657062,
              23.059429
            ],
            [
              72.657061,
              23.059425
            ],
            [
              72.65706,
              23.059421
            ],
            [
              72.657059,
              23.059417
            ],
            [
              72.657057,
              23.059414
            ],
            [
              72.657056,
              23.05941
            ],
            [
              72.657054,
              23.059406
            ],
            [
              72.657053,
              23.059402
            ],
            [
              72.657051,
              23.059399
            ],
            [
              72.657049,
              23.059395
            ],
            [
              72.657047,
              23.059392
            ],
            [
              72.657044,
              23.059388
            ],
            [
              72.657042,
              23.059385
            ],
            [
              72.657039,
              23.059382
            ],
            [
              72.657037,
              23.059379
            ],
            [
              72.657034,
              23.059375
            ],
            [
              72.657031,
              23.059372
            ],
            [
              72.657028,
              23.05937
            ],
            [
              72.657025,
              23.059367
            ],
            [
              72.657022,
              23.059364
            ],
            [
              72.657019,
              23.059361
            ],
            [
              72.657015,
              23.059359
            ],
            [
              72.657012,
              23.059356
            ],
            [
              72.657008,
              23.059354
            ],
            [
              72.657005,
              23.059352
            ],
            [
              72.657001,
              23.05935
            ],
            [
              72.656997,
              23.059348
            ],
            [
              72.656993,
              23.059346
            ],
            [
              72.656989,
              23.059344
            ],
            [
              72.656985,
              23.059343
            ],
            [
              72.656981,
              23.059341
            ],
            [
              72.656977,
              23.05934
            ],
            [
              72.656973,
              23.059339
            ],
            [
              72.656969,
              23.059338
            ],
            [
              72.656965,
              23.059337
            ],
            [
              72.65696,
              23.059336
            ],
            [
              72.656956,
              23.059336
            ],
            [
              72.656952,
              23.059335
            ],
            [
              72.656948,
              23.059335
            ],
            [
              72.656943,
              23.059335
            ],
            [
              72.656939,
              23.059335
            ],
            [
              72.656935,
              23.059335
            ],
            [
              72.65693,
              23.059335
            ],
            [
              72.656926,
              23.059335
            ],
            [
              72.656922,
              23.059336
            ],
            [
              72.656917,
              23.059336
            ],
            [
              72.656913,
              23.059337
            ],
            [
              72.656909,
              23.059338
            ],
            [
              72.656905,
              23.059339
            ],
            [
              72.656459,
              23.059456
            ],
            [
              72.656117,
              23.059546
            ],
            [
              72.656036,
              23.059566
            ],
            [
              72.655788,
              23.059626
            ],
            [
              72.655679,
              23.0601
            ],
            [
              72.655367,
              23.060109
            ],
            [
              72.655194,
              23.060245
            ],
            [
              72.655302,
              23.061404
            ],
            [
              72.655211,
              23.061686
            ],
            [
              72.655227,
              23.061779
            ],
            [
              72.655188,
              23.062116
            ],
            [
              72.654719,
              23.062137
            ],
            [
              72.654075,
              23.062162
            ],
            [
              72.653973,
              23.062166
            ],
            [
              72.653278,
              23.062237
            ],
            [
              72.652617,
              23.062302
            ],
            [
              72.652657,
              23.062411
            ]
          ]
        ]
      },
      "properties": {
        "zone_id": "ward-23",
        "name": "Thakkarbapanagar",
        "ward_number": 23,
        "center_lat": 23.049475,
        "center_lon": 72.649121,
        "area_km2": 3.1021,
        "geometry_source": "amc_ward_boundary"
      }
    },
    {
      "type": "Feature",
      "id": "ward-22",
      "geometry": {
        "type": "Polygon",
        "coordinates": [
          [
            [
              72.627261,
              23.056793
            ],
            [
              72.626882,
              23.056794
            ],
            [
              72.625266,
              23.055306
            ],
            [
              72.62223,
              23.052495
            ],
            [
              72.619856,
              23.050309
            ],
            [
              72.619369,
              23.049858
            ],
            [
              72.618656,
              23.049198
            ],
            [
              72.617892,
              23.048485
            ],
            [
              72.61455,
              23.045427
            ],
            [
              72.612064,
              23.043163
            ],
            [
              72.611249,
              23.042402
            ],
            [
              72.61043,
              23.041604
            ],
            [
              72.608765,
              23.040869
            ],
            [
              72.607024,
              23.04023
            ],
            [
              72.604901,
              23.039502
            ],
            [
              72.602465,
              23.038545
            ],
            [
              72.600557,
              23.038012
            ],
            [
              72.600896,
              23.037487
            ],
            [
              72.60126,
              23.036789
            ],
            [
              72.601429,
              23.036192
            ],
            [
              72.601627,
              23.03524
            ],
            [
              72.6017,
              23.034611
            ],
            [
              72.601691,
              23.03356
            ],
            [
              72.601635,
              23.033165
            ],
            [
              72.602235,
              23.033125
            ],
            [
              72.602868,
              23.032559
            ],
            [
              72.603529,
              23.03162
            ],
            [
              72.604273,
              23.031826
            ],
            [
              72.605537,
              23.032201
            ],
            [
              72.606933,
              23.032675
            ],
            [
              72.606904,
              23.032785
            ],
            [
              72.606973,
              23.033234
            ],
            [
              72.607131,
              23.033388
            ],
            [
              72.609152,
              23.033449
            ],
            [
              72.609108,
              23.034117
            ],
            [
              72.609156,
              23.034656
            ],
            [
              72.609247,
              23.034798
            ],
            [
              72.609637,
              23.035074
            ],
            [
              72.610559,
              23.035651
            ],
            [
              72.611397,
              23.036176
            ],
            [
              72.612015,
              23.03637
            ],
            [
              72.612763,
              23.036567
            ],
            [
              72.615298,
              23.037801
            ],
            [
              72.617561,
              23.038552
            ],
            [
              72.619901,
              23.039324
            ],
            [
              72.62153,
              23.039392
            ],
            [
              72.622749,
              23.039724
            ],
            [
              72.623316,
              23.039889
            ],
            [
              72.623969,
              23.040319
            ],
            [
              72.624353,
              23.04059
            ],
            [
              72.625388,
              23.040335
            ],
            [
              72.626137,
              23.040083
            ],
            [
              72.628024,
              23.039236
            ],
            [
              72.628883,
              23.039001
            ],
            [
              72.630136,
              23.038685
            ],
            [
              72.63063,
              23.038675
            ],
            [
              72.631181,
              23.038742
            ],
            [
              72.633206,
              23.038789
            ],
            [
              72.637026,
              23.03897
            ],
            [
              72.638032,
              23.039001
            ],
            [
              72.639122,
              23.039001
            ],
            [
              72.6404,
              23.038953
            ],
            [
              72.640409,
              23.039039
            ],
            [
              72.640552,
              23.039622
            ],
            [
              72.640701,
              23.039893
            ],
            [
              72.64131,
              23.046094
            ],
            [
              72.64103,
              23.04607
            ],
            [
              72.640566,
              23.046474
            ],
            [
              72.640041,
              23.046888
            ],
            [
              72.639257,
              23.047321
            ],
            [
              72.636914,
              23.047919
            ],
            [
              72.635765,
              23.048463
            ],
            [
              72.634256,
              23.049336
            ],
            [
              72.632676,
              23.050268
            ],
            [
              72.632378,
              23.051622
            ],
            [
              72.630387,
              23.053823
            ],
            [
              72.629249,
              23.055136
            ],
            [
              72.628589,
              23.055821
            ],
            [
              72.627261,
              23.056793
            ]
          ]
        ]
      },
      "properties": {
        "zone_id": "ward-22",
        "name": "India Colony",
        "ward_number": 22,
        "center_lat": 23.043694,
        "center_lon": 72.623125,
        "area_km2": 4.5812,
        "geometry_source": "amc_ward_boundary"
      }
    },
    {
      "type": "Feature",
      "id": "ward-21",
      "geometry": {
        "type": "Polygon",
        "coordinates": [
          [
            [
              72.594824,
              23.04045
            ],
            [
              72.593529,
              23.040767
            ],
            [
              72.593318,
              23.039321
            ],
            [
              72.593144,
              23.038095
            ],
            [
              72.593151,
              23.03765
            ],
            [
              72.593151,
              23.03759
            ],
            [
              72.591915,
              23.037538
            ],
            [
              72.59056,
              23.037437
            ],
            [
              72.589599,
              23.03751
            ],
            [
              72.588486,
              23.037728
            ],
            [
              72.588053,
              23.037832
            ],
            [
              72.586651,
              23.038155
            ],
            [
              72.583125,
              23.038936
            ],
            [
              72.579917,
              23.039345
            ],
            [
              72.579903,
              23.038536
            ],
            [
              72.579912,
              23.037947
            ],
            [
              72.579823,
              23.03772
            ],
            [
              72.579757,
              23.037188
            ],
            [
              72.579673,
              23.036509
            ],
            [
              72.579602,
              23.035809
            ],
            [
              72.579592,
              23.035731
            ],
            [
              72.579732,
              23.035741
            ],
            [
              72.579861,
              23.035755
            ],
            [
              72.580049,
              23.035758
            ],
            [
              72.580248,
              23.035736
            ],
            [
              72.580953,
              23.035717
            ],
            [
              72.581488,
              23.035711
            ],
            [
              72.58175,
              23.035698
            ],
            [
              72.581945,
              23.035556
            ],
            [
              72.582127,
              23.035446
            ],
            [
              72.582343,
              23.035395
            ],
            [
              72.582495,
              23.035256
            ],
            [
              72.582702,
              23.0351
            ],
            [
              72.582832,
              23.034954
            ],
            [
              72.58295,
              23.034827
            ],
            [
              72.582961,
              23.034716
            ],
            [
              72.582999,
              23.034178
            ],
            [
              72.582934,
              23.033603
            ],
            [
              72.583283,
              23.03357
            ],
            [
              72.583287,
              23.033571
            ],
            [
              72.583505,
              23.033614
            ],
            [
              72.584108,
              23.033739
            ],
            [
              72.584417,
              23.033792
            ],
            [
              72.584913,
              23.033814
            ],
            [
              72.585146,
              23.033813
            ],
            [
              72.585266,
              23.033788
            ],
            [
              72.585369,
              23.033733
            ],
            [
              72.584818,
              23.032887
            ],
            [
              72.584275,
              23.031864
            ],
            [
              72.583644,
              23.030751
            ],
            [
              72.583546,
              23.030583
            ],
            [
              72.583454,
              23.030425
            ],
            [
              72.583314,
              23.029835
            ],
            [
              72.583121,
              23.029235
            ],
            [
              72.583098,
              23.028927
            ],
            [
              72.583083,
              23.028547
            ],
            [
              72.583143,
              23.027918
            ],
            [
              72.583118,
              23.027578
            ],
            [
              72.583101,
              23.026935
            ],
            [
              72.583049,
              23.0264
            ],
            [
              72.583639,
              23.026371
            ],
            [
              72.58417,
              23.026355
            ],
            [
              72.584618,
              23.026401
            ],
            [
              72.585014,
              23.026495
            ],
            [
              72.585477,
              23.026677
            ],
            [
              72.58606,
              23.026979
            ],
            [
              72.58655,
              23.027246
            ],
            [
              72.587042,
              23.027515
            ],
            [
              72.587375,
              23.027541
            ],
            [
              72.587902,
              23.027574
            ],
            [
              72.588719,
              23.027774
            ],
            [
              72.589109,
              23.02787
            ],
            [
              72.589182,
              23.027986
            ],
            [
              72.589263,
              23.028114
            ],
            [
              72.589617,
              23.028504
            ],
            [
              72.589833,
              23.028742
            ],
            [
              72.590028,
              23.028944
            ],
            [
              72.590209,
              23.029132
            ],
            [
              72.590395,
              23.02938
            ],
            [
              72.590646,
              23.029716
            ],
            [
              72.590776,
              23.029857
            ],
            [
              72.590802,
              23.029961
            ],
            [
              72.590794,
              23.03045
            ],
            [
              72.590787,
              23.030918
            ],
            [
              72.590764,
              23.031131
            ],
            [
              72.590692,
              23.031474
            ],
            [
              72.590611,
              23.031821
            ],
            [
              72.590536,
              23.032173
            ],
            [
              72.590537,
              23.032175
            ],
            [
              72.590543,
              23.032183
            ],
            [
              72.590673,
              23.032283
            ],
            [
              72.590769,
              23.032345
            ],
            [
              72.590877,
              23.032356
            ],
            [
              72.591131,
              23.032332
            ],
            [
              72.591427,
              23.032282
            ],
            [
              72.591608,
              23.03227
            ],
            [
              72.591751,
              23.032265
            ],
            [
              72.591853,
              23.032235
            ],
            [
              72.591985,
              23.032177
            ],
            [
              72.592611,
              23.032017
            ],
            [
              72.592753,
              23.031992
            ],
            [
              72.592955,
              23.032009
            ],
            [
              72.593146,
              23.032002
            ],
            [
              72.593305,
              23.031962
            ],
            [
              72.593445,
              23.031844
            ],
            [
              72.593583,
              23.031701
            ],
            [
              72.593767,
              23.03145
            ],
            [
              72.593972,
              23.031059
            ],
            [
              72.594162,
              23.030666
            ],
            [
              72.594393,
              23.030235
            ],
            [
              72.594588,
              23.029961
            ],
            [
              72.59472,
              23.029848
            ],
            [
              72.594934,
              23.029559
            ],
            [
              72.595041,
              23.029552
            ],
            [
              72.59547,
              23.029792
            ],
            [
              72.595961,
              23.030013
            ],
            [
              72.596392,
              23.030205
            ],
            [
              72.596741,
              23.030344
            ],
            [
              72.597056,
              23.030514
            ],
            [
              72.597299,
              23.030633
            ],
            [
              72.597784,
              23.030767
            ],
            [
              72.59795,
              23.030824
            ],
            [
              72.597637,
              23.032331
            ],
            [
              72.596928,
              23.03465
            ],
            [
              72.597474,
              23.034806
            ],
            [
              72.59771,
              23.034873
            ],
            [
              72.597477,
              23.03603
            ],
            [
              72.597097,
              23.03778
            ],
            [
              72.59664,
              23.039699
            ],
            [
              72.596558,
              23.040397
            ],
            [
              72.595092,
              23.0397
            ],
            [
              72.594925,
              23.040327
            ],
            [
              72.594824,
              23.04045
            ]
          ]
        ]
      },
      "properties": {
        "zone_id": "ward-21",
        "name": "Dariyapur",
        "ward_number": 21,
        "center_lat": 23.03399,
        "center_lon": 72.589226,
        "area_km2": 1.6234,
        "geometry_source": "amc_ward_boundary"
      }
    },
    {
      "type": "Feature",
      "id": "ward-20",
      "geometry": {
        "type": "Polygon",
        "coordinates": [
          [
            [
              72.492727,
              23.028242
            ],
            [
              72.490817,
              23.028506
            ],
            [
              72.490828,
              23.028361
            ],
            [
              72.490648,
              23.027503
            ],
            [
              72.490649,
              23.026956
            ],
            [
              72.490649,
              23.026853
            ],
            [
              72.490649,
              23.026848
            ],
            [
              72.490606,
              23.026227
            ],
            [
              72.491088,
              23.026184
            ],
            [
              72.491113,
              23.025556
            ],
            [
              72.491677,
              23.025471
            ],
            [
              72.491778,
              23.025456
            ],
            [
              72.491776,
              23.02538
            ],
            [
              72.491771,
              23.025235
            ],
            [
              72.491767,
              23.025073
            ],
            [
              72.491698,
              23.025079
            ],
            [
              72.491475,
              23.025099
            ],
            [
              72.491355,
              23.024574
            ],
            [
              72.490088,
              23.024671
            ],
            [
              72.489776,
              23.024714
            ],
            [
              72.489223,
              23.024667
            ],
            [
              72.489316,
              23.024228
            ],
            [
              72.489042,
              23.024067
            ],
            [
              72.488453,
              23.02343
            ],
            [
              72.487667,
              23.022475
            ],
            [
              72.487336,
              23.02204
            ],
            [
              72.486868,
              23.021572
            ],
            [
              72.486581,
              23.021149
            ],
            [
              72.485239,
              23.020247
            ],
            [
              72.484856,
              23.019912
            ],
            [
              72.484315,
              23.01955
            ],
            [
              72.484155,
              23.019362
            ],
            [
              72.483673,
              23.018528
            ],
            [
              72.483173,
              23.018137
            ],
            [
              72.482537,
              23.017501
            ],
            [
              72.481761,
              23.016822
            ],
            [
              72.481241,
              23.016368
            ],
            [
              72.479876,
              23.015499
            ],
            [
              72.479966,
              23.015461
            ],
            [
              72.478166,
              23.01452
            ],
            [
              72.477139,
              23.015247
            ],
            [
              72.476721,
              23.015237
            ],
            [
              72.476363,
              23.015244
            ],
            [
              72.475163,
              23.014488
            ],
            [
              72.474171,
              23.013844
            ],
            [
              72.473255,
              23.013531
            ],
            [
              72.470134,
              23.012312
            ],
            [
              72.470209,
              23.011828
            ],
            [
              72.469435,
              23.0116
            ],
            [
              72.469169,
              23.011945
            ],
            [
              72.468501,
              23.011594
            ],
            [
              72.468616,
              23.011118
            ],
            [
              72.468229,
              23.010633
            ],
            [
              72.467879,
              23.010329
            ],
            [
              72.473424,
              23.010247
            ],
            [
              72.47843,
              23.010198
            ],
            [
              72.48257,
              23.010144
            ],
            [
              72.491665,
              23.009958
            ],
            [
              72.496545,
              23.011193
            ],
            [
              72.500812,
              23.011965
            ],
            [
              72.502576,
              23.012233
            ],
            [
              72.503402,
              23.01185
            ],
            [
              72.506972,
              23.011963
            ],
            [
              72.511027,
              23.01204
            ],
            [
              72.513602,
              23.012503
            ],
            [
              72.51517,
              23.012632
            ],
            [
              72.517792,
              23.012811
            ],
            [
              72.52111,
              23.013044
            ],
            [
              72.522875,
              23.013167
            ],
            [
              72.52657,
              23.013584
            ],
            [
              72.528726,
              23.014138
            ],
            [
              72.528911,
              23.01251
            ],
            [
              72.529201,
              23.010397
            ],
            [
              72.529653,
              23.010435
            ],
            [
              72.52978,
              23.00923
            ],
            [
              72.53209,
              23.009479
            ],
            [
              72.534039,
              23.009718
            ],
            [
              72.53408,
              23.010068
            ],
            [
              72.534247,
              23.011229
            ],
            [
              72.534504,
              23.011303
            ],
            [
              72.534762,
              23.012528
            ],
            [
              72.534864,
              23.012596
            ],
            [
              72.535118,
              23.013321
            ],
            [
              72.535297,
              23.013827
            ],
            [
              72.535435,
              23.014209
            ],
            [
              72.535507,
              23.014539
            ],
            [
              72.535608,
              23.014748
            ],
            [
              72.53576,
              23.014952
            ],
            [
              72.536389,
              23.015228
            ],
            [
              72.536953,
              23.015873
            ],
            [
              72.536988,
              23.016414
            ],
            [
              72.536941,
              23.017478
            ],
            [
              72.536739,
              23.018631
            ],
            [
              72.536544,
              23.01909
            ],
            [
              72.536409,
              23.019287
            ],
            [
              72.536144,
              23.019892
            ],
            [
              72.53588,
              23.020437
            ],
            [
              72.535492,
              23.021266
            ],
            [
              72.535404,
              23.021434
            ],
            [
              72.535131,
              23.021844
            ],
            [
              72.534927,
              23.022178
            ],
            [
              72.534857,
              23.022292
            ],
            [
              72.534829,
              23.022369
            ],
            [
              72.534531,
              23.023192
            ],
            [
              72.534459,
              23.023381
            ],
            [
              72.534383,
              23.024002
            ],
            [
              72.533827,
              23.024212
            ],
            [
              72.533216,
              23.024442
            ],
            [
              72.53283,
              23.024664
            ],
            [
              72.532469,
              23.024792
            ],
            [
              72.532358,
              23.024913
            ],
            [
              72.531531,
              23.025834
            ],
            [
              72.531358,
              23.026076
            ],
            [
              72.531237,
              23.026269
            ],
            [
              72.531162,
              23.026373
            ],
            [
              72.530922,
              23.026808
            ],
            [
              72.530543,
              23.027598
            ],
            [
              72.530112,
              23.028432
            ],
            [
              72.528941,
              23.029238
            ],
            [
              72.528677,
              23.0294
            ],
            [
              72.528545,
              23.029518
            ],
            [
              72.528288,
              23.02979
            ],
            [
              72.527981,
              23.030122
            ],
            [
              72.527747,
              23.030303
            ],
            [
              72.527511,
              23.03069
            ],
            [
              72.527133,
              23.030927
            ],
            [
              72.526514,
              23.031329
            ],
            [
              72.525658,
              23.031878
            ],
            [
              72.524271,
              23.030433
            ],
            [
              72.524023,
              23.030455
            ],
            [
              72.523782,
              23.030423
            ],
            [
              72.523558,
              23.030236
            ],
            [
              72.521624,
              23.027734
            ],
            [
              72.52062,
              23.027818
            ],
            [
              72.519521,
              23.027883
            ],
            [
              72.518994,
              23.028017
            ],
            [
              72.517504,
              23.027648
            ],
            [
              72.515963,
              23.027874
            ],
            [
              72.512282,
              23.027364
            ],
            [
              72.51043,
              23.027309
            ],
            [
              72.507911,
              23.027159
            ],
            [
              72.507209,
              23.027403
            ],
            [
              72.503428,
              23.027636
            ],
            [
              72.501475,
              23.027771
            ],
            [
              72.497876,
              23.027877
            ],
            [
              72.494929,
              23.027922
            ],
            [
              72.492727,
              23.028242
            ]
          ]
        ]
      },
      "properties": {
        "zone_id": "ward-20",
        "name": "Jodhpur",
        "ward_number": 20,
        "center_lat": 23.018974,
        "center_lon": 72.507837,
        "area_km2": 9.8865,
        "geometry_source": "amc_ward_boundary"
      }
    },
    {
      "type": "Feature",
      "id": "ward-19",
      "geometry": {
        "type": "Polygon",
        "coordinates": [
          [
            [
              72.536294,
              23.052213
            ],
            [
              72.534263,
              23.052466
            ],
            [
              72.53417,
              23.050852
            ],
            [
              72.534124,
              23.04901
            ],
            [
              72.534016,
              23.046932
            ],
            [
              72.534009,
              23.045811
            ],
            [
              72.532249,
              23.045937
            ],
            [
              72.530878,
              23.046143
            ],
            [
              72.530753,
              23.045882
            ],
            [
              72.530488,
              23.045284
            ],
            [
              72.529844,
              23.043829
            ],
            [
              72.529508,
              23.043191
            ],
            [
              72.529381,
              23.042911
            ],
            [
              72.529084,
              23.042312
            ],
            [
              72.528672,
              23.041464
            ],
            [
              72.528394,
              23.040759
            ],
            [
              72.528314,
              23.040289
            ],
            [
              72.526275,
              23.041487
            ],
            [
              72.524635,
              23.042398
            ],
            [
              72.520957,
              23.043647
            ],
            [
              72.518401,
              23.044585
            ],
            [
              72.518006,
              23.044882
            ],
            [
              72.516247,
              23.046547
            ],
            [
              72.51688,
              23.047846
            ],
            [
              72.516485,
              23.047868
            ],
            [
              72.516381,
              23.047639
            ],
            [
              72.515767,
              23.04754
            ],
            [
              72.515243,
              23.047455
            ],
            [
              72.51526,
              23.047413
            ],
            [
              72.515181,
              23.047378
            ],
            [
              72.514912,
              23.047331
            ],
            [
              72.514409,
              23.047275
            ],
            [
              72.513549,
              23.04723
            ],
            [
              72.513329,
              23.047239
            ],
            [
              72.513301,
              23.047337
            ],
            [
              72.51279,
              23.047253
            ],
            [
              72.511684,
              23.047078
            ],
            [
              72.511574,
              23.046647
            ],
            [
              72.511386,
              23.046194
            ],
            [
              72.511309,
              23.046225
            ],
            [
              72.511208,
              23.045883
            ],
            [
              72.510929,
              23.045997
            ],
            [
              72.510575,
              23.046101
            ],
            [
              72.51,
              23.046223
            ],
            [
              72.509789,
              23.046243
            ],
            [
              72.508639,
              23.04635
            ],
            [
              72.508081,
              23.046117
            ],
            [
              72.507951,
              23.046063
            ],
            [
              72.507887,
              23.046059
            ],
            [
              72.507472,
              23.04603
            ],
            [
              72.507279,
              23.045972
            ],
            [
              72.506581,
              23.0458
            ],
            [
              72.506208,
              23.045598
            ],
            [
              72.506112,
              23.045527
            ],
            [
              72.505964,
              23.044907
            ],
            [
              72.505915,
              23.044792
            ],
            [
              72.50578,
              23.044524
            ],
            [
              72.505764,
              23.044333
            ],
            [
              72.505926,
              23.043809
            ],
            [
              72.505793,
              23.043616
            ],
            [
              72.505671,
              23.043534
            ],
            [
              72.505332,
              23.043422
            ],
            [
              72.505178,
              23.043372
            ],
            [
              72.505152,
              23.043363
            ],
            [
              72.505092,
              23.0433
            ],
            [
              72.504967,
              23.043167
            ],
            [
              72.505014,
              23.042822
            ],
            [
              72.505061,
              23.042477
            ],
            [
              72.504988,
              23.042221
            ],
            [
              72.504448,
              23.042119
            ],
            [
              72.503908,
              23.042017
            ],
            [
              72.503455,
              23.041974
            ],
            [
              72.502935,
              23.041836
            ],
            [
              72.502704,
              23.041727
            ],
            [
              72.502566,
              23.041694
            ],
            [
              72.501864,
              23.041493
            ],
            [
              72.501634,
              23.040976
            ],
            [
              72.500779,
              23.040712
            ],
            [
              72.499722,
              23.040403
            ],
            [
              72.499529,
              23.040279
            ],
            [
              72.49945,
              23.040431
            ],
            [
              72.498479,
              23.04023
            ],
            [
              72.497439,
              23.03998
            ],
            [
              72.496784,
              23.0399
            ],
            [
              72.496054,
              23.039532
            ],
            [
              72.495586,
              23.039262
            ],
            [
              72.495469,
              23.039527
            ],
            [
              72.495164,
              23.039292
            ],
            [
              72.494975,
              23.03937
            ],
            [
              72.494798,
              23.039335
            ],
            [
              72.494514,
              23.039439
            ],
            [
              72.493562,
              23.038848
            ],
            [
              72.493231,
              23.037307
            ],
            [
              72.493108,
              23.037245
            ],
            [
              72.492673,
              23.037326
            ],
            [
              72.491743,
              23.037591
            ],
            [
              72.49118,
              23.037566
            ],
            [
              72.489896,
              23.037487
            ],
            [
              72.488954,
              23.037401
            ],
            [
              72.488871,
              23.039288
            ],
            [
              72.48922,
              23.040875
            ],
            [
              72.489702,
              23.042565
            ],
            [
              72.489593,
              23.043366
            ],
            [
              72.489266,
              23.044209
            ],
            [
              72.488728,
              23.043984
            ],
            [
              72.488175,
              23.043751
            ],
            [
              72.487523,
              23.043743
            ],
            [
              72.487562,
              23.04299
            ],
            [
              72.487382,
              23.042041
            ],
            [
              72.486775,
              23.041993
            ],
            [
              72.485967,
              23.042198
            ],
            [
              72.485426,
              23.042213
            ],
            [
              72.48502,
              23.041933
            ],
            [
              72.483939,
              23.043103
            ],
            [
              72.483141,
              23.04344
            ],
            [
              72.48254,
              23.043365
            ],
            [
              72.481436,
              23.043227
            ],
            [
              72.480321,
              23.043164
            ],
            [
              72.478869,
              23.043166
            ],
            [
              72.477518,
              23.043195
            ],
            [
              72.476416,
              23.042918
            ],
            [
              72.475649,
              23.042166
            ],
            [
              72.475671,
              23.041885
            ],
            [
              72.474415,
              23.041585
            ],
            [
              72.47264,
              23.041219
            ],
            [
              72.47257,
              23.041214
            ],
            [
              72.472566,
              23.041204
            ],
            [
              72.472515,
              23.041089
            ],
            [
              72.472574,
              23.040477
            ],
            [
              72.472248,
              23.039743
            ],
            [
              72.472627,
              23.038474
            ],
            [
              72.472689,
              23.037952
            ],
            [
              72.476426,
              23.035685
            ],
            [
              72.476831,
              23.033413
            ],
            [
              72.476771,
              23.031971
            ],
            [
              72.476519,
              23.028979
            ],
            [
              72.475319,
              23.029424
            ],
            [
              72.474918,
              23.02763
            ],
            [
              72.474638,
              23.026848
            ],
            [
              72.47438,
              23.025945
            ],
            [
              72.474303,
              23.025378
            ],
            [
              72.474234,
              23.02505
            ],
            [
              72.474468,
              23.024503
            ],
            [
              72.475082,
              23.023513
            ],
            [
              72.475227,
              23.020861
            ],
            [
              72.476242,
              23.019451
            ],
            [
              72.477018,
              23.018844
            ],
            [
              72.477547,
              23.017878
            ],
            [
              72.478067,
              23.016967
            ],
            [
              72.478502,
              23.016325
            ],
            [
              72.478953,
              23.01621
            ],
            [
              72.47924,
              23.015772
            ],
            [
              72.479876,
              23.015499
            ],
            [
              72.481241,
              23.016368
            ],
            [
              72.481761,
              23.016822
            ],
            [
              72.482537,
              23.017501
            ],
            [
              72.483173,
              23.018137
            ],
            [
              72.483673,
              23.018528
            ],
            [
              72.484155,
              23.019362
            ],
            [
              72.484315,
              23.01955
            ],
            [
              72.484856,
              23.019912
            ],
            [
              72.485239,
              23.020247
            ],
            [
              72.486581,
              23.021149
            ],
            [
              72.486868,
              23.021572
            ],
            [
              72.487336,
              23.02204
            ],
            [
              72.487667,
              23.022475
            ],
            [
              72.488453,
              23.02343
            ],
            [
              72.489042,
              23.024067
            ],
            [
              72.489316,
              23.024228
            ],
            [
              72.489223,
              23.024667
            ],
            [
              72.489776,
              23.024714
            ],
            [
              72.490088,
              23.024671
            ],
            [
              72.491355,
              23.024574
            ],
            [
              72.491475,
              23.025099
            ],
            [
              72.491698,
              23.025079
            ],
            [
              72.491767,
              23.025073
            ],
            [
              72.491771,
              23.025235
            ],
            [
              72.491776,
              23.02538
            ],
            [
              72.491778,
              23.025456
            ],
            [
              72.491677,
              23.025471
            ],
            [
              72.491113,
              23.025556
            ],
            [
              72.491088,
              23.026184
            ],
            [
              72.490606,
              23.026227
            ],
            [
              72.490649,
              23.026848
            ],
            [
              72.490649,
              23.026853
            ],
            [
              72.490649,
              23.026956
            ],
            [
              72.490648,
              23.027503
            ],
            [
              72.490828,
              23.028361
            ],
            [
              72.490817,
              23.028506
            ],
            [
              72.492727,
              23.028242
            ],
            [
              72.494929,
              23.027922
            ],
            [
              72.497876,
              23.027877
            ],
            [
              72.501475,
              23.027771
            ],
            [
              72.503428,
              23.027636
            ],
            [
              72.507209,
              23.027403
            ],
            [
              72.507911,
              23.027159
            ],
            [
              72.51043,
              23.027309
            ],
            [
              72.512282,
              23.027364
            ],
            [
              72.515963,
              23.027874
            ],
            [
              72.517504,
              23.027648
            ],
            [
              72.518994,
              23.028017
            ],
            [
              72.519521,
              23.027883
            ],
            [
              72.52062,
              23.027818
            ],
            [
              72.521624,
              23.027734
            ],
            [
              72.523558,
              23.030236
            ],
            [
              72.523782,
              23.030423
            ],
            [
              72.524023,
              23.030455
            ],
            [
              72.524271,
              23.030433
            ],
            [
              72.525658,
              23.031878
            ],
            [
              72.526514,
              23.031329
            ],
            [
              72.527133,
              23.030927
            ],
            [
              72.527511,
              23.03069
            ],
            [
              72.527747,
              23.030303
            ],
            [
              72.527981,
              23.030122
            ],
            [
              72.528288,
              23.02979
            ],
            [
              72.528545,
              23.029518
            ],
            [
              72.528677,
              23.0294
            ],
            [
              72.528941,
              23.029238
            ],
            [
              72.530112,
              23.028432
            ],
            [
              72.530543,
              23.027598
            ],
            [
              72.530922,
              23.026808
            ],
            [
              72.531162,
              23.026373
            ],
            [
              72.531237,
              23.026269
            ],
            [
              72.531358,
              23.026076
            ],
            [
              72.53187,
              23.027549
            ],
            [
              72.532433,
              23.028959
            ],
            [
              72.533533,
              23.03079
            ],
            [
              72.5342,
              23.031824
            ],
            [
              72.536194,
              23.034151
            ],
            [
              72.537027,
              23.035771
            ],
            [
              72.537617,
              23.036987
            ],
            [
              72.53854,
              23.038808
            ],
            [
              72.539358,
              23.040458
            ],
            [
              72.539598,
              23.040906
            ],
            [
              72.540659,
              23.042373
            ],
            [
              72.542132,
              23.044432
            ],
            [
              72.542904,
              23.045451
            ],
            [
              72.543943,
              23.047064
            ],
            [
              72.544477,
              23.047927
            ],
            [
              72.545423,
              23.048938
            ],
            [
              72.546074,
              23.049747
            ],
            [
              72.546732,
              23.050665
            ],
            [
              72.547312,
              23.05194
            ],
            [
              72.547283,
              23.052072
            ],
            [
              72.546566,
              23.052199
            ],
            [
              72.54632,
              23.052235
            ],
            [
              72.545897,
              23.052173
            ],
            [
              72.545456,
              23.052069
            ],
            [
              72.545017,
              23.051879
            ],
            [
              72.544849,
              23.051677
            ],
            [
              72.544751,
              23.05147
            ],
            [
              72.544485,
              23.051451
            ],
            [
              72.544197,
              23.051434
            ],
            [
              72.543912,
              23.051573
            ],
            [
              72.542954,
              23.051737
            ],
            [
              72.542828,
              23.051865
            ],
            [
              72.54181,
              23.05206
            ],
            [
              72.541333,
              23.052174
            ],
            [
              72.540597,
              23.05198
            ],
            [
              72.539808,
              23.051915
            ],
            [
              72.538736,
              23.051956
            ],
            [
              72.538509,
              23.051857
            ],
            [
              72.536294,
              23.052213
            ]
          ]
        ]
      },
      "properties": {
        "zone_id": "ward-19",
        "name": "Bodakdev",
        "ward_number": 19,
        "center_lat": 23.035488,
        "center_lon": 72.506404,
        "area_km2": 12.9739,
        "geometry_source": "amc_ward_boundary"
      }
    },
    {
      "type": "Feature",
      "id": "ward-18",
      "geometry": {
        "type": "Polygon",
        "coordinates": [
          [
            [
              72.55426,
              23.046964
            ],
            [
              72.553903,
              23.047091
            ],
            [
              72.552408,
              23.047257
            ],
            [
              72.551236,
              23.047376
            ],
            [
              72.550655,
              23.047396
            ],
            [
              72.548931,
              23.047381
            ],
            [
              72.548163,
              23.047377
            ],
            [
              72.54713,
              23.047387
            ],
            [
              72.546616,
              23.04745
            ],
            [
              72.545446,
              23.047681
            ],
            [
              72.54486,
              23.047821
            ],
            [
              72.544568,
              23.047916
            ],
            [
              72.544477,
              23.047927
            ],
            [
              72.543943,
              23.047064
            ],
            [
              72.542904,
              23.045451
            ],
            [
              72.542132,
              23.044432
            ],
            [
              72.540659,
              23.042373
            ],
            [
              72.539598,
              23.040906
            ],
            [
              72.539358,
              23.040458
            ],
            [
              72.53854,
              23.038808
            ],
            [
              72.537617,
              23.036987
            ],
            [
              72.537027,
              23.035771
            ],
            [
              72.536194,
              23.034151
            ],
            [
              72.5342,
              23.031824
            ],
            [
              72.533533,
              23.03079
            ],
            [
              72.532433,
              23.028959
            ],
            [
              72.53187,
              23.027549
            ],
            [
              72.531358,
              23.026076
            ],
            [
              72.531531,
              23.025834
            ],
            [
              72.532358,
              23.024913
            ],
            [
              72.532469,
              23.024792
            ],
            [
              72.53283,
              23.024664
            ],
            [
              72.533216,
              23.024442
            ],
            [
              72.533827,
              23.024212
            ],
            [
              72.534383,
              23.024002
            ],
            [
              72.534459,
              23.023381
            ],
            [
              72.534531,
              23.023192
            ],
            [
              72.534829,
              23.022369
            ],
            [
              72.534857,
              23.022292
            ],
            [
              72.534927,
              23.022178
            ],
            [
              72.535131,
              23.021844
            ],
            [
              72.535404,
              23.021434
            ],
            [
              72.535492,
              23.021266
            ],
            [
              72.53588,
              23.020437
            ],
            [
              72.536144,
              23.019892
            ],
            [
              72.536409,
              23.019287
            ],
            [
              72.536544,
              23.01909
            ],
            [
              72.536739,
              23.018631
            ],
            [
              72.536941,
              23.017478
            ],
            [
              72.536988,
              23.016414
            ],
            [
              72.536953,
              23.015873
            ],
            [
              72.536389,
              23.015228
            ],
            [
              72.53576,
              23.014952
            ],
            [
              72.535608,
              23.014748
            ],
            [
              72.535507,
              23.014539
            ],
            [
              72.535435,
              23.014209
            ],
            [
              72.535297,
              23.013827
            ],
            [
              72.535118,
              23.013321
            ],
            [
              72.534864,
              23.012596
            ],
            [
              72.534762,
              23.012528
            ],
            [
              72.534504,
              23.011303
            ],
            [
              72.534247,
              23.011229
            ],
            [
              72.53408,
              23.010068
            ],
            [
              72.534039,
              23.009718
            ],
            [
              72.534249,
              23.009591
            ],
            [
              72.534335,
              23.009539
            ],
            [
              72.534329,
              23.0096
            ],
            [
              72.535427,
              23.009723
            ],
            [
              72.538205,
              23.009972
            ],
            [
              72.539801,
              23.01021
            ],
            [
              72.543209,
              23.011387
            ],
            [
              72.545336,
              23.012269
            ],
            [
              72.546026,
              23.012598
            ],
            [
              72.545557,
              23.01416
            ],
            [
              72.546907,
              23.014528
            ],
            [
              72.547797,
              23.01485
            ],
            [
              72.548203,
              23.015404
            ],
            [
              72.549348,
              23.016445
            ],
            [
              72.550047,
              23.016916
            ],
            [
              72.550866,
              23.017537
            ],
            [
              72.552223,
              23.018729
            ],
            [
              72.552948,
              23.019266
            ],
            [
              72.553577,
              23.019574
            ],
            [
              72.554691,
              23.019799
            ],
            [
              72.554981,
              23.019866
            ],
            [
              72.555179,
              23.020092
            ],
            [
              72.555435,
              23.019942
            ],
            [
              72.555852,
              23.019759
            ],
            [
              72.556554,
              23.019492
            ],
            [
              72.556769,
              23.019452
            ],
            [
              72.557231,
              23.019523
            ],
            [
              72.557475,
              23.019587
            ],
            [
              72.55778,
              23.019642
            ],
            [
              72.558091,
              23.019634
            ],
            [
              72.558101,
              23.019846
            ],
            [
              72.561225,
              23.020298
            ],
            [
              72.562997,
              23.020602
            ],
            [
              72.564613,
              23.021066
            ],
            [
              72.565865,
              23.021417
            ],
            [
              72.567787,
              23.022004
            ],
            [
              72.568928,
              23.022265
            ],
            [
              72.571572,
              23.022439
            ],
            [
              72.571747,
              23.022479
            ],
            [
              72.571873,
              23.022734
            ],
            [
              72.572043,
              23.022807
            ],
            [
              72.573424,
              23.022705
            ],
            [
              72.576025,
              23.022547
            ],
            [
              72.575458,
              23.027366
            ],
            [
              72.574757,
              23.030362
            ],
            [
              72.574607,
              23.031002
            ],
            [
              72.574015,
              23.034763
            ],
            [
              72.573977,
              23.035006
            ],
            [
              72.57387,
              23.037713
            ],
            [
              72.573807,
              23.040263
            ],
            [
              72.57257,
              23.040347
            ],
            [
              72.570423,
              23.040476
            ],
            [
              72.569894,
              23.040523
            ],
            [
              72.569156,
              23.040473
            ],
            [
              72.568308,
              23.04041
            ],
            [
              72.567289,
              23.040292
            ],
            [
              72.566661,
              23.040176
            ],
            [
              72.566095,
              23.040057
            ],
            [
              72.565538,
              23.039949
            ],
            [
              72.564911,
              23.039783
            ],
            [
              72.564612,
              23.039813
            ],
            [
              72.564427,
              23.040087
            ],
            [
              72.563796,
              23.041657
            ],
            [
              72.56312,
              23.043022
            ],
            [
              72.562899,
              23.04373
            ],
            [
              72.562809,
              23.044144
            ],
            [
              72.562558,
              23.045903
            ],
            [
              72.562439,
              23.046969
            ],
            [
              72.562422,
              23.047399
            ],
            [
              72.56244,
              23.047571
            ],
            [
              72.562486,
              23.047784
            ],
            [
              72.562433,
              23.047794
            ],
            [
              72.561569,
              23.047792
            ],
            [
              72.560767,
              23.047774
            ],
            [
              72.558275,
              23.047613
            ],
            [
              72.557733,
              23.047579
            ],
            [
              72.557224,
              23.047541
            ],
            [
              72.556894,
              23.047484
            ],
            [
              72.556149,
              23.047366
            ],
            [
              72.55562,
              23.047213
            ],
            [
              72.55497,
              23.047021
            ],
            [
              72.554497,
              23.046931
            ],
            [
              72.55426,
              23.046964
            ]
          ]
        ]
      },
      "properties": {
        "zone_id": "ward-18",
        "name": "Navrangpura",
        "ward_number": 18,
        "center_lat": 23.030438,
        "center_lon": 72.552666,
        "area_km2": 12.021,
        "geometry_source": "amc_ward_boundary"
      }
    },
    {
      "type": "Feature",
      "id": "ward-17",
      "geometry": {
        "type": "Polygon",
        "coordinates": [
          [
            [
              72.589777,
              23.063253
            ],
            [
              72.586053,
              23.061207
            ],
            [
              72.582496,
              23.058529
            ],
            [
              72.57995,
              23.055783
            ],
            [
              72.578358,
              23.05368
            ],
            [
              72.575467,
              23.048211
            ],
            [
              72.574212,
              23.044802
            ],
            [
              72.573202,
              23.040169
            ],
            [
              72.573206,
              23.040006
            ],
            [
              72.573269,
              23.037456
            ],
            [
              72.573376,
              23.034749
            ],
            [
              72.573414,
              23.034506
            ],
            [
              72.575943,
              23.03446
            ],
            [
              72.576868,
              23.03445
            ],
            [
              72.576922,
              23.03338
            ],
            [
              72.57709,
              23.032099
            ],
            [
              72.57755,
              23.032087
            ],
            [
              72.577475,
              23.031879
            ],
            [
              72.577781,
              23.031805
            ],
            [
              72.578815,
              23.03135
            ],
            [
              72.579035,
              23.031862
            ],
            [
              72.579231,
              23.032298
            ],
            [
              72.579304,
              23.032513
            ],
            [
              72.57936,
              23.03306
            ],
            [
              72.579469,
              23.033889
            ],
            [
              72.579498,
              23.034107
            ],
            [
              72.579505,
              23.034504
            ],
            [
              72.579524,
              23.03528
            ],
            [
              72.579581,
              23.035721
            ],
            [
              72.579591,
              23.035799
            ],
            [
              72.579662,
              23.036499
            ],
            [
              72.579746,
              23.037178
            ],
            [
              72.579812,
              23.03771
            ],
            [
              72.579901,
              23.037937
            ],
            [
              72.579892,
              23.038526
            ],
            [
              72.579906,
              23.039335
            ],
            [
              72.583114,
              23.038926
            ],
            [
              72.58664,
              23.038145
            ],
            [
              72.588042,
              23.037822
            ],
            [
              72.588185,
              23.038561
            ],
            [
              72.588598,
              23.040139
            ],
            [
              72.58894,
              23.041429
            ],
            [
              72.589529,
              23.04286
            ],
            [
              72.589839,
              23.043406
            ],
            [
              72.589602,
              23.043597
            ],
            [
              72.589671,
              23.044117
            ],
            [
              72.589699,
              23.045373
            ],
            [
              72.589738,
              23.046755
            ],
            [
              72.589774,
              23.048016
            ],
            [
              72.591908,
              23.047943
            ],
            [
              72.592692,
              23.047945
            ],
            [
              72.593352,
              23.04933
            ],
            [
              72.593042,
              23.049817
            ],
            [
              72.592132,
              23.051374
            ],
            [
              72.591582,
              23.0524
            ],
            [
              72.590996,
              23.053601
            ],
            [
              72.590785,
              23.05421
            ],
            [
              72.590616,
              23.054862
            ],
            [
              72.590536,
              23.055768
            ],
            [
              72.590532,
              23.056077
            ],
            [
              72.590261,
              23.057927
            ],
            [
              72.589926,
              23.060768
            ],
            [
              72.589838,
              23.061528
            ],
            [
              72.590202,
              23.061531
            ],
            [
              72.589777,
              23.063253
            ]
          ]
        ]
      },
      "properties": {
        "zone_id": "ward-17",
        "name": "Shahpur",
        "ward_number": 17,
        "center_lat": 23.047376,
        "center_lon": 72.582857,
        "area_km2": 3.7878,
        "geometry_source": "amc_ward_boundary"
      }
    },
    {
      "type": "Feature",
      "id": "ward-16",
      "geometry": {
        "type": "Polygon",
        "coordinates": [
          [
            [
              72.597047,
              23.063045
            ],
            [
              72.596914,
              23.063289
            ],
            [
              72.596837,
              23.063282
            ],
            [
              72.596432,
              23.063912
            ],
            [
              72.596321,
              23.064046
            ],
            [
              72.596202,
              23.064334
            ],
            [
              72.595891,
              23.064217
            ],
            [
              72.59582,
              23.064184
            ],
            [
              72.595662,
              23.064072
            ],
            [
              72.594912,
              23.063625
            ],
            [
              72.594441,
              23.06329
            ],
            [
              72.594171,
              23.06315
            ],
            [
              72.593496,
              23.062811
            ],
            [
              72.593272,
              23.062721
            ],
            [
              72.592949,
              23.062627
            ],
            [
              72.592795,
              23.062563
            ],
            [
              72.592767,
              23.062568
            ],
            [
              72.592186,
              23.062312
            ],
            [
              72.591486,
              23.061935
            ],
            [
              72.591123,
              23.061918
            ],
            [
              72.590773,
              23.061916
            ],
            [
              72.590734,
              23.061891
            ],
            [
              72.590735,
              23.061514
            ],
            [
              72.590457,
              23.061511
            ],
            [
              72.590202,
              23.061512
            ],
            [
              72.589838,
              23.061509
            ],
            [
              72.589926,
              23.060749
            ],
            [
              72.590261,
              23.057908
            ],
            [
              72.590532,
              23.056058
            ],
            [
              72.590536,
              23.055749
            ],
            [
              72.590616,
              23.054843
            ],
            [
              72.590785,
              23.054191
            ],
            [
              72.590996,
              23.053582
            ],
            [
              72.591582,
              23.052381
            ],
            [
              72.592132,
              23.051355
            ],
            [
              72.593042,
              23.049798
            ],
            [
              72.593352,
              23.049311
            ],
            [
              72.592692,
              23.047926
            ],
            [
              72.591908,
              23.047924
            ],
            [
              72.589774,
              23.047997
            ],
            [
              72.589738,
              23.046736
            ],
            [
              72.589699,
              23.045354
            ],
            [
              72.589671,
              23.044098
            ],
            [
              72.589602,
              23.043578
            ],
            [
              72.589839,
              23.043387
            ],
            [
              72.589529,
              23.042841
            ],
            [
              72.58894,
              23.04141
            ],
            [
              72.588598,
              23.04012
            ],
            [
              72.588185,
              23.038542
            ],
            [
              72.588042,
              23.037803
            ],
            [
              72.588475,
              23.037699
            ],
            [
              72.589588,
              23.037481
            ],
            [
              72.590549,
              23.037408
            ],
            [
              72.591904,
              23.037509
            ],
            [
              72.59314,
              23.037561
            ],
            [
              72.59314,
              23.037621
            ],
            [
              72.593133,
              23.038066
            ],
            [
              72.593307,
              23.039292
            ],
            [
              72.593518,
              23.040738
            ],
            [
              72.594813,
              23.040421
            ],
            [
              72.594914,
              23.040298
            ],
            [
              72.595081,
              23.039671
            ],
            [
              72.596547,
              23.040368
            ],
            [
              72.596629,
              23.03967
            ],
            [
              72.597086,
              23.037751
            ],
            [
              72.597466,
              23.036001
            ],
            [
              72.597699,
              23.034844
            ],
            [
              72.597463,
              23.034777
            ],
            [
              72.596917,
              23.034621
            ],
            [
              72.597626,
              23.032302
            ],
            [
              72.597939,
              23.030795
            ],
            [
              72.59877,
              23.031163
            ],
            [
              72.599533,
              23.032155
            ],
            [
              72.600346,
              23.033019
            ],
            [
              72.600748,
              23.033204
            ],
            [
              72.601144,
              23.033245
            ],
            [
              72.601549,
              23.033205
            ],
            [
              72.601605,
              23.0336
            ],
            [
              72.601614,
              23.034651
            ],
            [
              72.601541,
              23.03528
            ],
            [
              72.601343,
              23.036232
            ],
            [
              72.601174,
              23.036829
            ],
            [
              72.60081,
              23.037527
            ],
            [
              72.600471,
              23.038052
            ],
            [
              72.599974,
              23.03882
            ],
            [
              72.600236,
              23.040258
            ],
            [
              72.600821,
              23.041086
            ],
            [
              72.601481,
              23.042146
            ],
            [
              72.601514,
              23.04238
            ],
            [
              72.601535,
              23.042724
            ],
            [
              72.601552,
              23.043437
            ],
            [
              72.601542,
              23.04387
            ],
            [
              72.601519,
              23.045419
            ],
            [
              72.601717,
              23.045449
            ],
            [
              72.603105,
              23.045508
            ],
            [
              72.604351,
              23.045595
            ],
            [
              72.604639,
              23.04634
            ],
            [
              72.604819,
              23.046849
            ],
            [
              72.604961,
              23.046817
            ],
            [
              72.605918,
              23.04648
            ],
            [
              72.607119,
              23.046072
            ],
            [
              72.607316,
              23.046068
            ],
            [
              72.607348,
              23.047377
            ],
            [
              72.607522,
              23.04865
            ],
            [
              72.607664,
              23.048711
            ],
            [
              72.608277,
              23.048744
            ],
            [
              72.608433,
              23.048836
            ],
            [
              72.608765,
              23.049733
            ],
            [
              72.608817,
              23.050081
            ],
            [
              72.608913,
              23.050296
            ],
            [
              72.609606,
              23.051292
            ],
            [
              72.610261,
              23.052447
            ],
            [
              72.61085,
              23.053538
            ],
            [
              72.611649,
              23.054885
            ],
            [
              72.612463,
              23.055991
            ],
            [
              72.61247,
              23.056001
            ],
            [
              72.612377,
              23.056084
            ],
            [
              72.612376,
              23.05608
            ],
            [
              72.608928,
              23.059008
            ],
            [
              72.605181,
              23.0596
            ],
            [
              72.60509,
              23.059407
            ],
            [
              72.604144,
              23.059576
            ],
            [
              72.603891,
              23.059361
            ],
            [
              72.602964,
              23.059444
            ],
            [
              72.601629,
              23.059563
            ],
            [
              72.601395,
              23.0596
            ],
            [
              72.601168,
              23.059635
            ],
            [
              72.599868,
              23.059693
            ],
            [
              72.599198,
              23.059633
            ],
            [
              72.599179,
              23.059762
            ],
            [
              72.598746,
              23.059716
            ],
            [
              72.598381,
              23.05976
            ],
            [
              72.598379,
              23.059949
            ],
            [
              72.598129,
              23.060571
            ],
            [
              72.598073,
              23.060724
            ],
            [
              72.59795,
              23.061074
            ],
            [
              72.597824,
              23.061357
            ],
            [
              72.597765,
              23.061484
            ],
            [
              72.597731,
              23.061557
            ],
            [
              72.597563,
              23.061922
            ],
            [
              72.597359,
              23.0623
            ],
            [
              72.597207,
              23.062771
            ],
            [
              72.597047,
              23.063045
            ]
          ]
        ]
      },
      "properties": {
        "zone_id": "ward-16",
        "name": "Shahibag",
        "ward_number": 16,
        "center_lat": 23.050013,
        "center_lon": 72.598677,
        "area_km2": 4.4424,
        "geometry_source": "amc_ward_boundary"
      }
    },
    {
      "type": "Feature",
      "id": "ward-15",
      "geometry": {
        "type": "Polygon",
        "coordinates": [
          [
            [
              72.616295,
              23.060225
            ],
            [
              72.61557,
              23.060372
            ],
            [
              72.615225,
              23.05973
            ],
            [
              72.61507,
              23.059442
            ],
            [
              72.614855,
              23.059041
            ],
            [
              72.614587,
              23.058532
            ],
            [
              72.613731,
              23.056905
            ],
            [
              72.613492,
              23.056447
            ],
            [
              72.613186,
              23.055859
            ],
            [
              72.613011,
              23.055536
            ],
            [
              72.612605,
              23.055822
            ],
            [
              72.61242,
              23.055951
            ],
            [
              72.611606,
              23.054845
            ],
            [
              72.610807,
              23.053498
            ],
            [
              72.610218,
              23.052407
            ],
            [
              72.609563,
              23.051252
            ],
            [
              72.60887,
              23.050256
            ],
            [
              72.608774,
              23.050041
            ],
            [
              72.608722,
              23.049693
            ],
            [
              72.60839,
              23.048796
            ],
            [
              72.608234,
              23.048704
            ],
            [
              72.607621,
              23.048671
            ],
            [
              72.607479,
              23.04861
            ],
            [
              72.607305,
              23.047337
            ],
            [
              72.607273,
              23.046028
            ],
            [
              72.607076,
              23.046032
            ],
            [
              72.605875,
              23.04644
            ],
            [
              72.604918,
              23.046777
            ],
            [
              72.604776,
              23.046809
            ],
            [
              72.604596,
              23.0463
            ],
            [
              72.604308,
              23.045555
            ],
            [
              72.603062,
              23.045468
            ],
            [
              72.601674,
              23.045409
            ],
            [
              72.601476,
              23.045379
            ],
            [
              72.601499,
              23.04383
            ],
            [
              72.601509,
              23.043397
            ],
            [
              72.601492,
              23.042684
            ],
            [
              72.601471,
              23.04234
            ],
            [
              72.601438,
              23.042106
            ],
            [
              72.600778,
              23.041046
            ],
            [
              72.600193,
              23.040218
            ],
            [
              72.599931,
              23.03878
            ],
            [
              72.600428,
              23.038012
            ],
            [
              72.602336,
              23.038545
            ],
            [
              72.604772,
              23.039502
            ],
            [
              72.606895,
              23.04023
            ],
            [
              72.608636,
              23.040869
            ],
            [
              72.610301,
              23.041604
            ],
            [
              72.61112,
              23.042402
            ],
            [
              72.611935,
              23.043163
            ],
            [
              72.614421,
              23.045427
            ],
            [
              72.617763,
              23.048485
            ],
            [
              72.618527,
              23.049198
            ],
            [
              72.61924,
              23.049858
            ],
            [
              72.619727,
              23.050309
            ],
            [
              72.622101,
              23.052495
            ],
            [
              72.625137,
              23.055306
            ],
            [
              72.626753,
              23.056794
            ],
            [
              72.622719,
              23.058319
            ],
            [
              72.620762,
              23.059218
            ],
            [
              72.619556,
              23.059636
            ],
            [
              72.618059,
              23.060058
            ],
            [
              72.616575,
              23.060191
            ],
            [
              72.616295,
              23.060225
            ]
          ]
        ]
      },
      "properties": {
        "zone_id": "ward-15",
        "name": "Asarwa",
        "ward_number": 15,
        "center_lat": 23.049782,
        "center_lon": 72.613089,
        "area_km2": 2.4445,
        "geometry_source": "amc_ward_boundary"
      }
    },
    {
      "type": "Feature",
      "id": "ward-14",
      "geometry": {
        "type": "Polygon",
        "coordinates": [
          [
            [
              72.642272,
              23.08174
            ],
            [
              72.641136,
              23.081648
            ],
            [
              72.639879,
              23.080355
            ],
            [
              72.639277,
              23.080384
            ],
            [
              72.637268,
              23.079726
            ],
            [
              72.637541,
              23.078998
            ],
            [
              72.636801,
              23.078773
            ],
            [
              72.636804,
              23.07767
            ],
            [
              72.636102,
              23.077428
            ],
            [
              72.636072,
              23.076784
            ],
            [
              72.636056,
              23.076523
            ],
            [
              72.635939,
              23.076314
            ],
            [
              72.63567,
              23.075939
            ],
            [
              72.635547,
              23.07576
            ],
            [
              72.635515,
              23.075729
            ],
            [
              72.63533,
              23.075474
            ],
            [
              72.635289,
              23.075418
            ],
            [
              72.634901,
              23.074883
            ],
            [
              72.634798,
              23.074741
            ],
            [
              72.634716,
              23.074625
            ],
            [
              72.634616,
              23.074486
            ],
            [
              72.63443,
              23.074228
            ],
            [
              72.63442,
              23.074213
            ],
            [
              72.634384,
              23.074162
            ],
            [
              72.634195,
              23.073894
            ],
            [
              72.634005,
              23.073634
            ],
            [
              72.633763,
              23.073303
            ],
            [
              72.633576,
              23.073046
            ],
            [
              72.633539,
              23.072993
            ],
            [
              72.633398,
              23.072788
            ],
            [
              72.633315,
              23.072679
            ],
            [
              72.633091,
              23.07237
            ],
            [
              72.632998,
              23.072232
            ],
            [
              72.632852,
              23.072031
            ],
            [
              72.632709,
              23.071827
            ],
            [
              72.632618,
              23.071655
            ],
            [
              72.632582,
              23.070288
            ],
            [
              72.632065,
              23.069659
            ],
            [
              72.632162,
              23.069021
            ],
            [
              72.632327,
              23.068588
            ],
            [
              72.632521,
              23.067929
            ],
            [
              72.632455,
              23.067854
            ],
            [
              72.632691,
              23.066992
            ],
            [
              72.631738,
              23.066814
            ],
            [
              72.631872,
              23.066188
            ],
            [
              72.630808,
              23.065974
            ],
            [
              72.630233,
              23.065945
            ],
            [
              72.629768,
              23.06588
            ],
            [
              72.628786,
              23.065723
            ],
            [
              72.628345,
              23.065264
            ],
            [
              72.628818,
              23.064848
            ],
            [
              72.629009,
              23.064399
            ],
            [
              72.629201,
              23.063538
            ],
            [
              72.629229,
              23.06346
            ],
            [
              72.628919,
              23.063264
            ],
            [
              72.628784,
              23.063102
            ],
            [
              72.628097,
              23.062264
            ],
            [
              72.627887,
              23.062043
            ],
            [
              72.627865,
              23.062021
            ],
            [
              72.627747,
              23.061897
            ],
            [
              72.62752,
              23.061531
            ],
            [
              72.627412,
              23.061362
            ],
            [
              72.627228,
              23.061222
            ],
            [
              72.626942,
              23.061004
            ],
            [
              72.626814,
              23.060854
            ],
            [
              72.626517,
              23.060525
            ],
            [
              72.626371,
              23.060489
            ],
            [
              72.625758,
              23.060332
            ],
            [
              72.624799,
              23.060099
            ],
            [
              72.624515,
              23.060049
            ],
            [
              72.624148,
              23.059968
            ],
            [
              72.624038,
              23.060036
            ],
            [
              72.622514,
              23.060931
            ],
            [
              72.621592,
              23.061495
            ],
            [
              72.620796,
              23.06198
            ],
            [
              72.620268,
              23.062304
            ],
            [
              72.620563,
              23.062502
            ],
            [
              72.620459,
              23.062665
            ],
            [
              72.620344,
              23.062824
            ],
            [
              72.61987,
              23.062456
            ],
            [
              72.618878,
              23.063034
            ],
            [
              72.617925,
              23.06359
            ],
            [
              72.61751,
              23.063832
            ],
            [
              72.617184,
              23.064023
            ],
            [
              72.616759,
              23.063164
            ],
            [
              72.616314,
              23.062276
            ],
            [
              72.615844,
              23.061338
            ],
            [
              72.615568,
              23.060789
            ],
            [
              72.615379,
              23.060418
            ],
            [
              72.615484,
              23.060372
            ],
            [
              72.616209,
              23.060225
            ],
            [
              72.61649,
              23.060191
            ],
            [
              72.617974,
              23.060058
            ],
            [
              72.61947,
              23.059636
            ],
            [
              72.620676,
              23.059218
            ],
            [
              72.622633,
              23.058319
            ],
            [
              72.626667,
              23.056794
            ],
            [
              72.627187,
              23.057253
            ],
            [
              72.62852,
              23.058429
            ],
            [
              72.630759,
              23.060484
            ],
            [
              72.632602,
              23.06219
            ],
            [
              72.633748,
              23.063251
            ],
            [
              72.635779,
              23.065127
            ],
            [
              72.638656,
              23.067845
            ],
            [
              72.641057,
              23.070187
            ],
            [
              72.641729,
              23.070806
            ],
            [
              72.642884,
              23.071871
            ],
            [
              72.645719,
              23.074439
            ],
            [
              72.647397,
              23.075926
            ],
            [
              72.64698,
              23.076148
            ],
            [
              72.646612,
              23.076231
            ],
            [
              72.646112,
              23.076317
            ],
            [
              72.645859,
              23.076384
            ],
            [
              72.645083,
              23.076588
            ],
            [
              72.644905,
              23.076635
            ],
            [
              72.644858,
              23.077347
            ],
            [
              72.645088,
              23.077476
            ],
            [
              72.645286,
              23.078093
            ],
            [
              72.645402,
              23.078484
            ],
            [
              72.645491,
              23.078776
            ],
            [
              72.645436,
              23.078785
            ],
            [
              72.645551,
              23.079417
            ],
            [
              72.645423,
              23.079451
            ],
            [
              72.644791,
              23.079727
            ],
            [
              72.644893,
              23.079996
            ],
            [
              72.644468,
              23.080112
            ],
            [
              72.643477,
              23.080385
            ],
            [
              72.642682,
              23.080613
            ],
            [
              72.642092,
              23.080735
            ],
            [
              72.642453,
              23.081664
            ],
            [
              72.642272,
              23.08174
            ]
          ]
        ]
      },
      "properties": {
        "zone_id": "ward-14",
        "name": "Kubernagr",
        "ward_number": 14,
        "center_lat": 23.069455,
        "center_lon": 72.634526,
        "area_km2": 2.2405,
        "geometry_source": "amc_ward_boundary"
      }
    },
    {
      "type": "Feature",
      "id": "ward-13",
      "geometry": {
        "type": "Polygon",
        "coordinates": [
          [
            [
              72.652438,
              23.079385
            ],
            [
              72.652193,
              23.080218
            ],
            [
              72.649666,
              23.077898
            ],
            [
              72.647397,
              23.075887
            ],
            [
              72.645719,
              23.0744
            ],
            [
              72.642884,
              23.071832
            ],
            [
              72.641729,
              23.070767
            ],
            [
              72.641057,
              23.070148
            ],
            [
              72.638656,
              23.067806
            ],
            [
              72.635779,
              23.065088
            ],
            [
              72.633748,
              23.063212
            ],
            [
              72.632603,
              23.062151
            ],
            [
              72.630759,
              23.060445
            ],
            [
              72.62852,
              23.05839
            ],
            [
              72.627188,
              23.057214
            ],
            [
              72.626667,
              23.056755
            ],
            [
              72.627047,
              23.056754
            ],
            [
              72.628375,
              23.055782
            ],
            [
              72.629035,
              23.055097
            ],
            [
              72.630173,
              23.053784
            ],
            [
              72.632164,
              23.051583
            ],
            [
              72.632462,
              23.050229
            ],
            [
              72.634041,
              23.049297
            ],
            [
              72.63555,
              23.048424
            ],
            [
              72.636699,
              23.04788
            ],
            [
              72.639042,
              23.047282
            ],
            [
              72.639826,
              23.046849
            ],
            [
              72.640351,
              23.046435
            ],
            [
              72.640815,
              23.046031
            ],
            [
              72.641095,
              23.046055
            ],
            [
              72.641861,
              23.051194
            ],
            [
              72.642448,
              23.054193
            ],
            [
              72.642863,
              23.057452
            ],
            [
              72.643213,
              23.062159
            ],
            [
              72.643191,
              23.063505
            ],
            [
              72.643096,
              23.064259
            ],
            [
              72.642972,
              23.06482
            ],
            [
              72.643334,
              23.065446
            ],
            [
              72.646043,
              23.068534
            ],
            [
              72.646519,
              23.068999
            ],
            [
              72.64727,
              23.069964
            ],
            [
              72.64823,
              23.071075
            ],
            [
              72.649156,
              23.07271
            ],
            [
              72.65048,
              23.074386
            ],
            [
              72.65361,
              23.078125
            ],
            [
              72.653474,
              23.078339
            ],
            [
              72.652693,
              23.078917
            ],
            [
              72.652438,
              23.079385
            ]
          ]
        ]
      },
      "properties": {
        "zone_id": "ward-13",
        "name": "Saijpur Bogha",
        "ward_number": 13,
        "center_lat": 23.060733,
        "center_lon": 72.639131,
        "area_km2": 3.1158,
        "geometry_source": "amc_ward_boundary"
      }
    },
    {
      "type": "Feature",
      "id": "ward-12",
      "geometry": {
        "type": "Polygon",
        "coordinates": [
          [
            [
              72.6828,
              23.102643
            ],
            [
              72.682429,
              23.102886
            ],
            [
              72.681913,
              23.103155
            ],
            [
              72.681408,
              23.103379
            ],
            [
              72.681332,
              23.103818
            ],
            [
              72.681443,
              23.103913
            ],
            [
              72.68161,
              23.104037
            ],
            [
              72.681711,
              23.104227
            ],
            [
              72.681766,
              23.104479
            ],
            [
              72.681786,
              23.104701
            ],
            [
              72.681531,
              23.104782
            ],
            [
              72.681505,
              23.105006
            ],
            [
              72.681516,
              23.105359
            ],
            [
              72.681402,
              23.106509
            ],
            [
              72.681241,
              23.107083
            ],
            [
              72.678354,
              23.104025
            ],
            [
              72.675698,
              23.101615
            ],
            [
              72.67179,
              23.098065
            ],
            [
              72.666493,
              23.09314
            ],
            [
              72.66087,
              23.08806
            ],
            [
              72.656554,
              23.08401
            ],
            [
              72.65229,
              23.080139
            ],
            [
              72.652535,
              23.079306
            ],
            [
              72.65279,
              23.078838
            ],
            [
              72.653571,
              23.07826
            ],
            [
              72.653707,
              23.078046
            ],
            [
              72.650577,
              23.074307
            ],
            [
              72.649253,
              23.072631
            ],
            [
              72.648327,
              23.070996
            ],
            [
              72.647367,
              23.069885
            ],
            [
              72.646616,
              23.06892
            ],
            [
              72.64614,
              23.068455
            ],
            [
              72.643431,
              23.065367
            ],
            [
              72.643069,
              23.064741
            ],
            [
              72.643193,
              23.06418
            ],
            [
              72.643288,
              23.063426
            ],
            [
              72.64331,
              23.06208
            ],
            [
              72.64296,
              23.057373
            ],
            [
              72.643225,
              23.057108
            ],
            [
              72.644115,
              23.057012
            ],
            [
              72.645646,
              23.056786
            ],
            [
              72.646244,
              23.056727
            ],
            [
              72.64649,
              23.056723
            ],
            [
              72.64673,
              23.056671
            ],
            [
              72.646971,
              23.056347
            ],
            [
              72.647045,
              23.056161
            ],
            [
              72.647398,
              23.055486
            ],
            [
              72.647801,
              23.054398
            ],
            [
              72.651478,
              23.056447
            ],
            [
              72.651455,
              23.056484
            ],
            [
              72.651122,
              23.057005
            ],
            [
              72.650799,
              23.057202
            ],
            [
              72.649878,
              23.059006
            ],
            [
              72.649941,
              23.0591
            ],
            [
              72.650333,
              23.060084
            ],
            [
              72.650198,
              23.060337
            ],
            [
              72.65075,
              23.061178
            ],
            [
              72.651119,
              23.061396
            ],
            [
              72.65199,
              23.062346
            ],
            [
              72.652179,
              23.06233
            ],
            [
              72.652248,
              23.062443
            ],
            [
              72.652646,
              23.062431
            ],
            [
              72.652606,
              23.062322
            ],
            [
              72.653267,
              23.062257
            ],
            [
              72.653962,
              23.062186
            ],
            [
              72.654064,
              23.062182
            ],
            [
              72.654708,
              23.062157
            ],
            [
              72.655177,
              23.062136
            ],
            [
              72.655216,
              23.061799
            ],
            [
              72.6552,
              23.061706
            ],
            [
              72.655291,
              23.061424
            ],
            [
              72.655183,
              23.060265
            ],
            [
              72.655356,
              23.060129
            ],
            [
              72.655668,
              23.06012
            ],
            [
              72.655777,
              23.059646
            ],
            [
              72.656025,
              23.059586
            ],
            [
              72.656106,
              23.059566
            ],
            [
              72.656448,
              23.059476
            ],
            [
              72.656894,
              23.059359
            ],
            [
              72.656898,
              23.059358
            ],
            [
              72.656902,
              23.059357
            ],
            [
              72.656906,
              23.059356
            ],
            [
              72.656911,
              23.059356
            ],
            [
              72.656915,
              23.059355
            ],
            [
              72.656919,
              23.059355
            ],
            [
              72.656924,
              23.059355
            ],
            [
              72.656928,
              23.059355
            ],
            [
              72.656932,
              23.059355
            ],
            [
              72.656937,
              23.059355
            ],
            [
              72.656941,
              23.059355
            ],
            [
              72.656945,
              23.059356
            ],
            [
              72.656949,
              23.059356
            ],
            [
              72.656954,
              23.059357
            ],
            [
              72.656958,
              23.059358
            ],
            [
              72.656962,
              23.059359
            ],
            [
              72.656966,
              23.05936
            ],
            [
              72.65697,
              23.059361
            ],
            [
              72.656974,
              23.059363
            ],
            [
              72.656978,
              23.059364
            ],
            [
              72.656982,
              23.059366
            ],
            [
              72.656986,
              23.059368
            ],
            [
              72.65699,
              23.05937
            ],
            [
              72.656994,
              23.059372
            ],
            [
              72.656997,
              23.059374
            ],
            [
              72.657001,
              23.059376
            ],
            [
              72.657004,
              23.059379
            ],
            [
              72.657008,
              23.059381
            ],
            [
              72.657011,
              23.059384
            ],
            [
              72.657014,
              23.059387
            ],
            [
              72.657017,
              23.05939
            ],
            [
              72.65702,
              23.059392
            ],
            [
              72.657023,
              23.059395
            ],
            [
              72.657026,
              23.059399
            ],
            [
              72.657028,
              23.059402
            ],
            [
              72.657031,
              23.059405
            ],
            [
              72.657033,
              23.059408
            ],
            [
              72.657036,
              23.059412
            ],
            [
              72.657038,
              23.059415
            ],
            [
              72.65704,
              23.059419
            ],
            [
              72.657042,
              23.059422
            ],
            [
              72.657043,
              23.059426
            ],
            [
              72.657045,
              23.05943
            ],
            [
              72.657046,
              23.059434
            ],
            [
              72.657048,
              23.059437
            ],
            [
              72.657049,
              23.059441
            ],
            [
              72.65705,
              23.059445
            ],
            [
              72.657051,
              23.059449
            ],
            [
              72.657051,
              23.059453
            ],
            [
              72.657244,
              23.059466
            ],
            [
              72.657925,
              23.059437
            ],
            [
              72.658121,
              23.05945
            ],
            [
              72.658323,
              23.059451
            ],
            [
              72.659091,
              23.059517
            ],
            [
              72.65925,
              23.05951
            ],
            [
              72.659704,
              23.059489
            ],
            [
              72.65997,
              23.05919
            ],
            [
              72.660293,
              23.058857
            ],
            [
              72.660866,
              23.058769
            ],
            [
              72.661411,
              23.058823
            ],
            [
              72.661427,
              23.059668
            ],
            [
              72.662113,
              23.059705
            ],
            [
              72.662034,
              23.060295
            ],
            [
              72.662015,
              23.0604
            ],
            [
              72.661885,
              23.061233
            ],
            [
              72.661834,
              23.061566
            ],
            [
              72.661828,
              23.061761
            ],
            [
              72.661823,
              23.061829
            ],
            [
              72.661799,
              23.062376
            ],
            [
              72.661765,
              23.06309
            ],
            [
              72.662435,
              23.063101
            ],
            [
              72.662458,
              23.063704
            ],
            [
              72.662405,
              23.064434
            ],
            [
              72.662374,
              23.064712
            ],
            [
              72.662425,
              23.064954
            ],
            [
              72.662339,
              23.065514
            ],
            [
              72.662358,
              23.065784
            ],
            [
              72.66234,
              23.065975
            ],
            [
              72.662293,
              23.066107
            ],
            [
              72.662257,
              23.066339
            ],
            [
              72.66214,
              23.066906
            ],
            [
              72.662102,
              23.066992
            ],
            [
              72.661979,
              23.067622
            ],
            [
              72.661973,
              23.067654
            ],
            [
              72.661927,
              23.067685
            ],
            [
              72.66157,
              23.067925
            ],
            [
              72.661522,
              23.068179
            ],
            [
              72.661337,
              23.068261
            ],
            [
              72.662646,
              23.068877
            ],
            [
              72.662714,
              23.068914
            ],
            [
              72.662918,
              23.06906
            ],
            [
              72.663043,
              23.069383
            ],
            [
              72.66309,
              23.070745
            ],
            [
              72.663163,
              23.071391
            ],
            [
              72.663541,
              23.07148
            ],
            [
              72.665633,
              23.070977
            ],
            [
              72.667098,
              23.070794
            ],
            [
              72.669997,
              23.070246
            ],
            [
              72.67251,
              23.069929
            ],
            [
              72.674443,
              23.069813
            ],
            [
              72.676206,
              23.06953
            ],
            [
              72.676221,
              23.069607
            ],
            [
              72.677548,
              23.069475
            ],
            [
              72.678332,
              23.069397
            ],
            [
              72.679935,
              23.06927
            ],
            [
              72.680443,
              23.069325
            ],
            [
              72.681119,
              23.069328
            ],
            [
              72.68289,
              23.069259
            ],
            [
              72.685284,
              23.069226
            ],
            [
              72.686845,
              23.069152
            ],
            [
              72.687725,
              23.069312
            ],
            [
              72.688505,
              23.069467
            ],
            [
              72.690083,
              23.070011
            ],
            [
              72.691907,
              23.070424
            ],
            [
              72.693225,
              23.070695
            ],
            [
              72.694449,
              23.071047
            ],
            [
              72.694968,
              23.071082
            ],
            [
              72.69681,
              23.071255
            ],
            [
              72.697728,
              23.072131
            ],
            [
              72.698551,
              23.0724
            ],
            [
              72.699038,
              23.072189
            ],
            [
              72.701491,
              23.073103
            ],
            [
              72.701278,
              23.073728
            ],
            [
              72.701096,
              23.074149
            ],
            [
              72.700498,
              23.075549
            ],
            [
              72.699895,
              23.077212
            ],
            [
              72.699623,
              23.077225
            ],
            [
              72.696792,
              23.076565
            ],
            [
              72.695955,
              23.076458
            ],
            [
              72.695937,
              23.076583
            ],
            [
              72.694343,
              23.076295
            ],
            [
              72.693749,
              23.076261
            ],
            [
              72.691162,
              23.076142
            ],
            [
              72.689898,
              23.075959
            ],
            [
              72.688649,
              23.07631
            ],
            [
              72.6882,
              23.076868
            ],
            [
              72.68823,
              23.077297
            ],
            [
              72.687943,
              23.078004
            ],
            [
              72.687811,
              23.07907
            ],
            [
              72.686766,
              23.081188
            ],
            [
              72.686544,
              23.082881
            ],
            [
              72.685965,
              23.083012
            ],
            [
              72.685903,
              23.083712
            ],
            [
              72.685881,
              23.083877
            ],
            [
              72.685672,
              23.085181
            ],
            [
              72.684733,
              23.085295
            ],
            [
              72.684532,
              23.08544
            ],
            [
              72.683945,
              23.085621
            ],
            [
              72.683047,
              23.086415
            ],
            [
              72.683422,
              23.086612
            ],
            [
              72.683667,
              23.086763
            ],
            [
              72.684433,
              23.087113
            ],
            [
              72.684897,
              23.087354
            ],
            [
              72.685459,
              23.087695
            ],
            [
              72.686206,
              23.088195
            ],
            [
              72.6867,
              23.088528
            ],
            [
              72.689084,
              23.090055
            ],
            [
              72.691876,
              23.09191
            ],
            [
              72.694054,
              23.093366
            ],
            [
              72.693812,
              23.094494
            ],
            [
              72.693341,
              23.095389
            ],
            [
              72.692948,
              23.09663
            ],
            [
              72.692598,
              23.097586
            ],
            [
              72.691974,
              23.099381
            ],
            [
              72.69188,
              23.099601
            ],
            [
              72.691232,
              23.101112
            ],
            [
              72.690763,
              23.101916
            ],
            [
              72.690472,
              23.102531
            ],
            [
              72.690477,
              23.102536
            ],
            [
              72.690481,
              23.102542
            ],
            [
              72.690484,
              23.102547
            ],
            [
              72.690488,
              23.102553
            ],
            [
              72.690491,
              23.102559
            ],
            [
              72.690494,
              23.102565
            ],
            [
              72.690497,
              23.102571
            ],
            [
              72.6905,
              23.102577
            ],
            [
              72.690503,
              23.102583
            ],
            [
              72.690505,
              23.102589
            ],
            [
              72.690507,
              23.102595
            ],
            [
              72.690509,
              23.102602
            ],
            [
              72.69051,
              23.102608
            ],
            [
              72.690511,
              23.102615
            ],
            [
              72.690512,
              23.102621
            ],
            [
              72.690513,
              23.102628
            ],
            [
              72.690514,
              23.102634
            ],
            [
              72.690514,
              23.102641
            ],
            [
              72.690514,
              23.102647
            ],
            [
              72.690514,
              23.102654
            ],
            [
              72.690513,
              23.102661
            ],
            [
              72.690513,
              23.102667
            ],
            [
              72.690512,
              23.102674
            ],
            [
              72.69051,
              23.10268
            ],
            [
              72.690509,
              23.102687
            ],
            [
              72.690507,
              23.102693
            ],
            [
              72.690505,
              23.102699
            ],
            [
              72.690503,
              23.102706
            ],
            [
              72.690501,
              23.102712
            ],
            [
              72.690498,
              23.102718
            ],
            [
              72.690495,
              23.102724
            ],
            [
              72.690492,
              23.10273
            ],
            [
              72.690489,
              23.102736
            ],
            [
              72.690485,
              23.102741
            ],
            [
              72.690482,
              23.102747
            ],
            [
              72.690478,
              23.102752
            ],
            [
              72.690474,
              23.102758
            ],
            [
              72.690469,
              23.102763
            ],
            [
              72.690465,
              23.102768
            ],
            [
              72.69046,
              23.102773
            ],
            [
              72.690455,
              23.102778
            ],
            [
              72.69045,
              23.102782
            ],
            [
              72.690445,
              23.102787
            ],
            [
              72.690439,
              23.102791
            ],
            [
              72.690434,
              23.102795
            ],
            [
              72.690428,
              23.102799
            ],
            [
              72.690422,
              23.102803
            ],
            [
              72.689695,
              23.102719
            ],
            [
              72.688838,
              23.102626
            ],
            [
              72.688391,
              23.10252
            ],
            [
              72.687941,
              23.102393
            ],
            [
              72.687454,
              23.102246
            ],
            [
              72.686865,
              23.102214
            ],
            [
              72.686491,
              23.102212
            ],
            [
              72.685951,
              23.102255
            ],
            [
              72.685626,
              23.102296
            ],
            [
              72.685333,
              23.102291
            ],
            [
              72.684343,
              23.102411
            ],
            [
              72.68346,
              23.102514
            ],
            [
              72.683306,
              23.102387
            ],
            [
              72.6828,
              23.102643
            ]
          ]
        ]
      },
      "properties": {
        "zone_id": "ward-12",
        "name": "Naroda",
        "ward_number": 12,
        "center_lat": 23.08026,
        "center_lon": 72.671309,
        "area_km2": 13.8847,
        "geometry_source": "amc_ward_boundary"
      }
    },
    {
      "type": "Feature",
      "id": "ward-11",
      "geometry": {
        "type": "Polygon",
        "coordinates": [
          [
            [
              72.666527,
              23.107112
            ],
            [
              72.665902,
              23.10726
            ],
            [
              72.665788,
              23.106289
            ],
            [
              72.665624,
              23.105268
            ],
            [
              72.665052,
              23.105056
            ],
            [
              72.664751,
              23.104281
            ],
            [
              72.664732,
              23.104282
            ],
            [
              72.66381,
              23.104199
            ],
            [
              72.663831,
              23.103689
            ],
            [
              72.663829,
              23.10369
            ],
            [
              72.66375,
              23.103081
            ],
            [
              72.663493,
              23.1031
            ],
            [
              72.663297,
              23.102712
            ],
            [
              72.663231,
              23.102479
            ],
            [
              72.663204,
              23.102374
            ],
            [
              72.663108,
              23.10199
            ],
            [
              72.663112,
              23.10184
            ],
            [
              72.66303,
              23.101735
            ],
            [
              72.663046,
              23.101724
            ],
            [
              72.662932,
              23.10162
            ],
            [
              72.662942,
              23.101477
            ],
            [
              72.662672,
              23.100553
            ],
            [
              72.662785,
              23.100549
            ],
            [
              72.662755,
              23.100504
            ],
            [
              72.662608,
              23.100284
            ],
            [
              72.662541,
              23.10002
            ],
            [
              72.662435,
              23.099084
            ],
            [
              72.661777,
              23.099208
            ],
            [
              72.6616,
              23.098409
            ],
            [
              72.661066,
              23.098611
            ],
            [
              72.660197,
              23.09873
            ],
            [
              72.660579,
              23.097771
            ],
            [
              72.660256,
              23.09745
            ],
            [
              72.660286,
              23.097053
            ],
            [
              72.660137,
              23.097087
            ],
            [
              72.660012,
              23.097114
            ],
            [
              72.659983,
              23.097117
            ],
            [
              72.659917,
              23.097005
            ],
            [
              72.659864,
              23.096988
            ],
            [
              72.659825,
              23.096968
            ],
            [
              72.659495,
              23.096871
            ],
            [
              72.659241,
              23.096694
            ],
            [
              72.659292,
              23.0967
            ],
            [
              72.659235,
              23.096657
            ],
            [
              72.659165,
              23.096651
            ],
            [
              72.659014,
              23.096595
            ],
            [
              72.659034,
              23.095803
            ],
            [
              72.658486,
              23.095421
            ],
            [
              72.658394,
              23.095381
            ],
            [
              72.658289,
              23.095309
            ],
            [
              72.658125,
              23.095248
            ],
            [
              72.65806,
              23.095224
            ],
            [
              72.657895,
              23.095252
            ],
            [
              72.657783,
              23.095208
            ],
            [
              72.657729,
              23.095189
            ],
            [
              72.657521,
              23.095112
            ],
            [
              72.65739,
              23.095056
            ],
            [
              72.657258,
              23.095002
            ],
            [
              72.657087,
              23.094925
            ],
            [
              72.656835,
              23.094836
            ],
            [
              72.656745,
              23.094788
            ],
            [
              72.656459,
              23.094721
            ],
            [
              72.656299,
              23.094684
            ],
            [
              72.656192,
              23.094657
            ],
            [
              72.655892,
              23.094879
            ],
            [
              72.655225,
              23.09533
            ],
            [
              72.654665,
              23.095717
            ],
            [
              72.653923,
              23.096242
            ],
            [
              72.653187,
              23.09683
            ],
            [
              72.652842,
              23.097412
            ],
            [
              72.652642,
              23.097735
            ],
            [
              72.652096,
              23.098234
            ],
            [
              72.651907,
              23.099017
            ],
            [
              72.651702,
              23.100274
            ],
            [
              72.651518,
              23.100379
            ],
            [
              72.651897,
              23.101089
            ],
            [
              72.651863,
              23.101348
            ],
            [
              72.651804,
              23.101745
            ],
            [
              72.64953,
              23.102267
            ],
            [
              72.647757,
              23.098431
            ],
            [
              72.643854,
              23.093206
            ],
            [
              72.643443,
              23.093093
            ],
            [
              72.643408,
              23.092429
            ],
            [
              72.643136,
              23.09213
            ],
            [
              72.64347,
              23.091824
            ],
            [
              72.64368,
              23.091996
            ],
            [
              72.64416,
              23.091571
            ],
            [
              72.64382,
              23.091323
            ],
            [
              72.643945,
              23.090913
            ],
            [
              72.644599,
              23.090872
            ],
            [
              72.644599,
              23.090871
            ],
            [
              72.645009,
              23.090518
            ],
            [
              72.643959,
              23.090678
            ],
            [
              72.643793,
              23.090226
            ],
            [
              72.643846,
              23.090079
            ],
            [
              72.64287,
              23.090275
            ],
            [
              72.642868,
              23.090329
            ],
            [
              72.64241,
              23.090258
            ],
            [
              72.642279,
              23.09061
            ],
            [
              72.642001,
              23.09083
            ],
            [
              72.641779,
              23.090758
            ],
            [
              72.641372,
              23.091165
            ],
            [
              72.636345,
              23.090114
            ],
            [
              72.634035,
              23.089756
            ],
            [
              72.633998,
              23.08985
            ],
            [
              72.633432,
              23.089787
            ],
            [
              72.632679,
              23.08951
            ],
            [
              72.630949,
              23.08926
            ],
            [
              72.629452,
              23.089051
            ],
            [
              72.628349,
              23.089028
            ],
            [
              72.62809,
              23.088952
            ],
            [
              72.625704,
              23.088988
            ],
            [
              72.625489,
              23.089021
            ],
            [
              72.625051,
              23.088887
            ],
            [
              72.624539,
              23.088967
            ],
            [
              72.624685,
              23.08838
            ],
            [
              72.624548,
              23.088248
            ],
            [
              72.62447,
              23.08816
            ],
            [
              72.62449,
              23.088248
            ],
            [
              72.624458,
              23.088473
            ],
            [
              72.624473,
              23.088803
            ],
            [
              72.62397,
              23.088856
            ],
            [
              72.623567,
              23.088885
            ],
            [
              72.622928,
              23.089013
            ],
            [
              72.622243,
              23.088947
            ],
            [
              72.622066,
              23.088842
            ],
            [
              72.621994,
              23.089167
            ],
            [
              72.620827,
              23.089161
            ],
            [
              72.620375,
              23.089161
            ],
            [
              72.619996,
              23.089204
            ],
            [
              72.619276,
              23.089149
            ],
            [
              72.617813,
              23.089254
            ],
            [
              72.616309,
              23.089153
            ],
            [
              72.615324,
              23.089092
            ],
            [
              72.615044,
              23.089775
            ],
            [
              72.614388,
              23.089741
            ],
            [
              72.613929,
              23.089513
            ],
            [
              72.612989,
              23.089594
            ],
            [
              72.612325,
              23.089253
            ],
            [
              72.611752,
              23.089262
            ],
            [
              72.611675,
              23.089106
            ],
            [
              72.610831,
              23.089058
            ],
            [
              72.610838,
              23.089286
            ],
            [
              72.60968,
              23.089183
            ],
            [
              72.609694,
              23.089099
            ],
            [
              72.609156,
              23.089074
            ],
            [
              72.608391,
              23.089514
            ],
            [
              72.605531,
              23.089152
            ],
            [
              72.605643,
              23.088706
            ],
            [
              72.604728,
              23.088249
            ],
            [
              72.604529,
              23.088553
            ],
            [
              72.60345,
              23.088067
            ],
            [
              72.603826,
              23.087342
            ],
            [
              72.602086,
              23.08716
            ],
            [
              72.60162,
              23.086532
            ],
            [
              72.601618,
              23.085994
            ],
            [
              72.601817,
              23.085954
            ],
            [
              72.601411,
              23.085115
            ],
            [
              72.601901,
              23.084246
            ],
            [
              72.602167,
              23.083119
            ],
            [
              72.604529,
              23.085705
            ],
            [
              72.604761,
              23.085664
            ],
            [
              72.605999,
              23.085458
            ],
            [
              72.607107,
              23.085167
            ],
            [
              72.608163,
              23.084904
            ],
            [
              72.609123,
              23.084626
            ],
            [
              72.609835,
              23.084464
            ],
            [
              72.611351,
              23.084013
            ],
            [
              72.61275,
              23.083593
            ],
            [
              72.614014,
              23.083379
            ],
            [
              72.614619,
              23.0832
            ],
            [
              72.615111,
              23.083085
            ],
            [
              72.615178,
              23.082992
            ],
            [
              72.615589,
              23.082508
            ],
            [
              72.615808,
              23.082096
            ],
            [
              72.615742,
              23.082073
            ],
            [
              72.616206,
              23.081333
            ],
            [
              72.616769,
              23.080561
            ],
            [
              72.617182,
              23.079824
            ],
            [
              72.617429,
              23.079459
            ],
            [
              72.618276,
              23.079651
            ],
            [
              72.619628,
              23.079581
            ],
            [
              72.620558,
              23.079569
            ],
            [
              72.621208,
              23.079521
            ],
            [
              72.621933,
              23.079493
            ],
            [
              72.623441,
              23.079559
            ],
            [
              72.624214,
              23.079608
            ],
            [
              72.624961,
              23.079639
            ],
            [
              72.625518,
              23.079755
            ],
            [
              72.625535,
              23.07885
            ],
            [
              72.626379,
              23.079126
            ],
            [
              72.626756,
              23.079054
            ],
            [
              72.626811,
              23.078921
            ],
            [
              72.626965,
              23.078379
            ],
            [
              72.628169,
              23.078467
            ],
            [
              72.628052,
              23.079175
            ],
            [
              72.628254,
              23.079216
            ],
            [
              72.628455,
              23.078713
            ],
            [
              72.629046,
              23.07873
            ],
            [
              72.629131,
              23.078507
            ],
            [
              72.629817,
              23.07868
            ],
            [
              72.629485,
              23.079454
            ],
            [
              72.629542,
              23.079547
            ],
            [
              72.630506,
              23.07971
            ],
            [
              72.631473,
              23.079846
            ],
            [
              72.632825,
              23.080011
            ],
            [
              72.633983,
              23.079991
            ],
            [
              72.634285,
              23.080116
            ],
            [
              72.634908,
              23.08025
            ],
            [
              72.635509,
              23.08007
            ],
            [
              72.635769,
              23.078024
            ],
            [
              72.636105,
              23.078076
            ],
            [
              72.636103,
              23.077468
            ],
            [
              72.636804,
              23.07771
            ],
            [
              72.636802,
              23.078813
            ],
            [
              72.637541,
              23.079038
            ],
            [
              72.637269,
              23.079766
            ],
            [
              72.639278,
              23.080424
            ],
            [
              72.63988,
              23.080395
            ],
            [
              72.641137,
              23.081688
            ],
            [
              72.642272,
              23.08178
            ],
            [
              72.642453,
              23.081704
            ],
            [
              72.642092,
              23.080775
            ],
            [
              72.642682,
              23.080653
            ],
            [
              72.643477,
              23.080425
            ],
            [
              72.644468,
              23.080152
            ],
            [
              72.644893,
              23.080036
            ],
            [
              72.644791,
              23.079767
            ],
            [
              72.645423,
              23.079491
            ],
            [
              72.645551,
              23.079457
            ],
            [
              72.645436,
              23.078825
            ],
            [
              72.645491,
              23.078816
            ],
            [
              72.645402,
              23.078524
            ],
            [
              72.645286,
              23.078133
            ],
            [
              72.645088,
              23.077516
            ],
            [
              72.644858,
              23.077387
            ],
            [
              72.644905,
              23.076675
            ],
            [
              72.645083,
              23.076628
            ],
            [
              72.645859,
              23.076424
            ],
            [
              72.646112,
              23.076357
            ],
            [
              72.646612,
              23.076271
            ],
            [
              72.64698,
              23.076188
            ],
            [
              72.647397,
              23.075966
            ],
            [
              72.649666,
              23.077977
            ],
            [
              72.652193,
              23.080297
            ],
            [
              72.656457,
              23.084168
            ],
            [
              72.660773,
              23.088218
            ],
            [
              72.666396,
              23.093298
            ],
            [
              72.671693,
              23.098223
            ],
            [
              72.675601,
              23.101773
            ],
            [
              72.678257,
              23.104183
            ],
            [
              72.681144,
              23.107241
            ],
            [
              72.68111,
              23.107364
            ],
            [
              72.679782,
              23.107061
            ],
            [
              72.679183,
              23.107117
            ],
            [
              72.678754,
              23.105849
            ],
            [
              72.678269,
              23.105968
            ],
            [
              72.678063,
              23.105501
            ],
            [
              72.67748,
              23.105754
            ],
            [
              72.676778,
              23.105834
            ],
            [
              72.676083,
              23.103959
            ],
            [
              72.675462,
              23.104611
            ],
            [
              72.675249,
              23.104434
            ],
            [
              72.67433,
              23.104956
            ],
            [
              72.674359,
              23.105027
            ],
            [
              72.674256,
              23.105056
            ],
            [
              72.673162,
              23.105258
            ],
            [
              72.672672,
              23.105778
            ],
            [
              72.671657,
              23.106141
            ],
            [
              72.671537,
              23.10617
            ],
            [
              72.671297,
              23.10623
            ],
            [
              72.670868,
              23.106337
            ],
            [
              72.67061,
              23.106399
            ],
            [
              72.66956,
              23.106569
            ],
            [
              72.668262,
              23.106894
            ],
            [
              72.666527,
              23.107112
            ]
          ]
        ]
      },
      "properties": {
        "zone_id": "ward-11",
        "name": "Sardarnagar",
        "ward_number": 11,
        "center_lat": 23.089393,
        "center_lon": 72.643431,
        "area_km2": 8.7401,
        "geometry_source": "amc_ward_boundary"
      }
    },
    {
      "type": "Feature",
      "id": "ward-10",
      "geometry": {
        "type": "Polygon",
        "coordinates": [
          [
            [
              72.571873,
              23.072501
            ],
            [
              72.571236,
              23.073117
            ],
            [
              72.570935,
              23.073657
            ],
            [
              72.570989,
              23.072538
            ],
            [
              72.570922,
              23.072369
            ],
            [
              72.566152,
              23.072329
            ],
            [
              72.566797,
              23.069842
            ],
            [
              72.567399,
              23.067799
            ],
            [
              72.567559,
              23.067542
            ],
            [
              72.567977,
              23.066137
            ],
            [
              72.568285,
              23.065058
            ],
            [
              72.568419,
              23.064579
            ],
            [
              72.568451,
              23.064035
            ],
            [
              72.568389,
              23.063622
            ],
            [
              72.56802,
              23.063146
            ],
            [
              72.56735,
              23.062516
            ],
            [
              72.56732,
              23.062423
            ],
            [
              72.567463,
              23.062249
            ],
            [
              72.567985,
              23.061859
            ],
            [
              72.56817,
              23.061509
            ],
            [
              72.568288,
              23.061159
            ],
            [
              72.568342,
              23.060433
            ],
            [
              72.568604,
              23.059848
            ],
            [
              72.568972,
              23.059221
            ],
            [
              72.569492,
              23.058672
            ],
            [
              72.570229,
              23.057955
            ],
            [
              72.570964,
              23.057365
            ],
            [
              72.571413,
              23.05708
            ],
            [
              72.571791,
              23.056915
            ],
            [
              72.572173,
              23.056725
            ],
            [
              72.572355,
              23.05659
            ],
            [
              72.572416,
              23.056418
            ],
            [
              72.572383,
              23.055748
            ],
            [
              72.572268,
              23.053759
            ],
            [
              72.572116,
              23.05269
            ],
            [
              72.571481,
              23.052711
            ],
            [
              72.571345,
              23.052919
            ],
            [
              72.571342,
              23.052924
            ],
            [
              72.571214,
              23.052929
            ],
            [
              72.568834,
              23.053024
            ],
            [
              72.566845,
              23.053471
            ],
            [
              72.567191,
              23.054634
            ],
            [
              72.567307,
              23.055139
            ],
            [
              72.567318,
              23.055185
            ],
            [
              72.567226,
              23.055203
            ],
            [
              72.565621,
              23.055514
            ],
            [
              72.564992,
              23.055616
            ],
            [
              72.563954,
              23.055592
            ],
            [
              72.562995,
              23.055482
            ],
            [
              72.56333,
              23.054214
            ],
            [
              72.563795,
              23.052294
            ],
            [
              72.564553,
              23.049539
            ],
            [
              72.565265,
              23.047085
            ],
            [
              72.564383,
              23.047316
            ],
            [
              72.563536,
              23.047548
            ],
            [
              72.56304,
              23.047676
            ],
            [
              72.562486,
              23.047784
            ],
            [
              72.56244,
              23.047571
            ],
            [
              72.562422,
              23.047399
            ],
            [
              72.562439,
              23.046969
            ],
            [
              72.562558,
              23.045903
            ],
            [
              72.562809,
              23.044144
            ],
            [
              72.562899,
              23.04373
            ],
            [
              72.56312,
              23.043022
            ],
            [
              72.563796,
              23.041657
            ],
            [
              72.564427,
              23.040087
            ],
            [
              72.564612,
              23.039813
            ],
            [
              72.564911,
              23.039783
            ],
            [
              72.565538,
              23.039949
            ],
            [
              72.566095,
              23.040057
            ],
            [
              72.566661,
              23.040176
            ],
            [
              72.567289,
              23.040292
            ],
            [
              72.568308,
              23.04041
            ],
            [
              72.569156,
              23.040473
            ],
            [
              72.569894,
              23.040523
            ],
            [
              72.570423,
              23.040476
            ],
            [
              72.57257,
              23.040347
            ],
            [
              72.573807,
              23.040263
            ],
            [
              72.573803,
              23.040426
            ],
            [
              72.574813,
              23.045059
            ],
            [
              72.576068,
              23.048468
            ],
            [
              72.578959,
              23.053937
            ],
            [
              72.580551,
              23.05604
            ],
            [
              72.583097,
              23.058786
            ],
            [
              72.586654,
              23.061464
            ],
            [
              72.590378,
              23.06351
            ],
            [
              72.590076,
              23.064569
            ],
            [
              72.589943,
              23.065565
            ],
            [
              72.589834,
              23.066756
            ],
            [
              72.589095,
              23.068532
            ],
            [
              72.5888,
              23.069238
            ],
            [
              72.588609,
              23.069917
            ],
            [
              72.587876,
              23.069723
            ],
            [
              72.587908,
              23.069999
            ],
            [
              72.587531,
              23.072632
            ],
            [
              72.587418,
              23.072659
            ],
            [
              72.587313,
              23.072683
            ],
            [
              72.586793,
              23.07181
            ],
            [
              72.58563,
              23.072285
            ],
            [
              72.5831,
              23.070261
            ],
            [
              72.582281,
              23.070073
            ],
            [
              72.581149,
              23.069798
            ],
            [
              72.579902,
              23.069505
            ],
            [
              72.579302,
              23.06941
            ],
            [
              72.578281,
              23.069088
            ],
            [
              72.578035,
              23.069047
            ],
            [
              72.577624,
              23.068977
            ],
            [
              72.577424,
              23.069001
            ],
            [
              72.577198,
              23.068989
            ],
            [
              72.576605,
              23.069228
            ],
            [
              72.576218,
              23.069375
            ],
            [
              72.575919,
              23.069484
            ],
            [
              72.57461,
              23.070377
            ],
            [
              72.572956,
              23.071244
            ],
            [
              72.572429,
              23.071884
            ],
            [
              72.572053,
              23.072325
            ],
            [
              72.571873,
              23.072501
            ]
          ]
        ]
      },
      "properties": {
        "zone_id": "ward-10",
        "name": "S.P.Stadium",
        "ward_number": 10,
        "center_lat": 23.058002,
        "center_lon": 72.57473,
        "area_km2": 5.2604,
        "geometry_source": "amc_ward_boundary"
      }
    },
    {
      "type": "Feature",
      "id": "ward-09",
      "geometry": {
        "type": "Polygon",
        "coordinates": [
          [
            [
              72.559028,
              23.070935
            ],
            [
              72.558838,
              23.070849
            ],
            [
              72.558506,
              23.070636
            ],
            [
              72.558254,
              23.070473
            ],
            [
              72.55803,
              23.070375
            ],
            [
              72.557825,
              23.070288
            ],
            [
              72.557649,
              23.070213
            ],
            [
              72.557505,
              23.070169
            ],
            [
              72.557017,
              23.070009
            ],
            [
              72.556814,
              23.069941
            ],
            [
              72.55663,
              23.069897
            ],
            [
              72.555949,
              23.069741
            ],
            [
              72.555651,
              23.069666
            ],
            [
              72.555481,
              23.069611
            ],
            [
              72.554927,
              23.069542
            ],
            [
              72.55456,
              23.069492
            ],
            [
              72.554223,
              23.069443
            ],
            [
              72.553945,
              23.069342
            ],
            [
              72.5536,
              23.069221
            ],
            [
              72.553231,
              23.069187
            ],
            [
              72.552973,
              23.069165
            ],
            [
              72.552469,
              23.069122
            ],
            [
              72.55205,
              23.069087
            ],
            [
              72.551825,
              23.069102
            ],
            [
              72.551656,
              23.069114
            ],
            [
              72.551404,
              23.06927
            ],
            [
              72.55124,
              23.069351
            ],
            [
              72.551231,
              23.069355
            ],
            [
              72.551119,
              23.069324
            ],
            [
              72.550957,
              23.06928
            ],
            [
              72.550794,
              23.06922
            ],
            [
              72.550428,
              23.069086
            ],
            [
              72.549918,
              23.068913
            ],
            [
              72.549335,
              23.068709
            ],
            [
              72.549043,
              23.068229
            ],
            [
              72.548879,
              23.068144
            ],
            [
              72.548569,
              23.068111
            ],
            [
              72.547935,
              23.067862
            ],
            [
              72.547533,
              23.067688
            ],
            [
              72.547301,
              23.067563
            ],
            [
              72.547,
              23.06747
            ],
            [
              72.546774,
              23.067195
            ],
            [
              72.546489,
              23.066947
            ],
            [
              72.546382,
              23.066739
            ],
            [
              72.546226,
              23.066448
            ],
            [
              72.545994,
              23.065984
            ],
            [
              72.545835,
              23.065655
            ],
            [
              72.54578,
              23.065462
            ],
            [
              72.545748,
              23.065357
            ],
            [
              72.545719,
              23.065254
            ],
            [
              72.545704,
              23.065205
            ],
            [
              72.545696,
              23.065112
            ],
            [
              72.545674,
              23.064868
            ],
            [
              72.545462,
              23.064106
            ],
            [
              72.545389,
              23.063859
            ],
            [
              72.545235,
              23.063547
            ],
            [
              72.545145,
              23.063367
            ],
            [
              72.545087,
              23.063261
            ],
            [
              72.544967,
              23.06301
            ],
            [
              72.544845,
              23.062754
            ],
            [
              72.544689,
              23.062447
            ],
            [
              72.544714,
              23.062366
            ],
            [
              72.544671,
              23.062197
            ],
            [
              72.544508,
              23.061691
            ],
            [
              72.544295,
              23.061645
            ],
            [
              72.544043,
              23.061585
            ],
            [
              72.543381,
              23.061549
            ],
            [
              72.542627,
              23.061368
            ],
            [
              72.542181,
              23.061246
            ],
            [
              72.541693,
              23.061093
            ],
            [
              72.541408,
              23.061095
            ],
            [
              72.541064,
              23.06083
            ],
            [
              72.540337,
              23.060272
            ],
            [
              72.539752,
              23.060069
            ],
            [
              72.539135,
              23.059777
            ],
            [
              72.537978,
              23.059621
            ],
            [
              72.537851,
              23.05893
            ],
            [
              72.537,
              23.058956
            ],
            [
              72.536873,
              23.057631
            ],
            [
              72.536769,
              23.057216
            ],
            [
              72.536818,
              23.056746
            ],
            [
              72.536989,
              23.056101
            ],
            [
              72.536958,
              23.054842
            ],
            [
              72.537091,
              23.054611
            ],
            [
              72.53715,
              23.054
            ],
            [
              72.537475,
              23.053515
            ],
            [
              72.537829,
              23.053007
            ],
            [
              72.538281,
              23.052581
            ],
            [
              72.538614,
              23.052442
            ],
            [
              72.538582,
              23.052252
            ],
            [
              72.538736,
              23.051956
            ],
            [
              72.539808,
              23.051915
            ],
            [
              72.540597,
              23.05198
            ],
            [
              72.541333,
              23.052174
            ],
            [
              72.54181,
              23.05206
            ],
            [
              72.542828,
              23.051865
            ],
            [
              72.542954,
              23.051737
            ],
            [
              72.543912,
              23.051573
            ],
            [
              72.544197,
              23.051434
            ],
            [
              72.544485,
              23.051451
            ],
            [
              72.544751,
              23.05147
            ],
            [
              72.544849,
              23.051677
            ],
            [
              72.545017,
              23.051879
            ],
            [
              72.545456,
              23.052069
            ],
            [
              72.545897,
              23.052173
            ],
            [
              72.54632,
              23.052235
            ],
            [
              72.546566,
              23.052199
            ],
            [
              72.547283,
              23.052072
            ],
            [
              72.547312,
              23.05194
            ],
            [
              72.546732,
              23.050665
            ],
            [
              72.546074,
              23.049747
            ],
            [
              72.545423,
              23.048938
            ],
            [
              72.544477,
              23.047927
            ],
            [
              72.544568,
              23.047916
            ],
            [
              72.54486,
              23.047821
            ],
            [
              72.545446,
              23.047681
            ],
            [
              72.546616,
              23.04745
            ],
            [
              72.54713,
              23.047387
            ],
            [
              72.548163,
              23.047377
            ],
            [
              72.548931,
              23.047381
            ],
            [
              72.550655,
              23.047396
            ],
            [
              72.551236,
              23.047376
            ],
            [
              72.552408,
              23.047257
            ],
            [
              72.553903,
              23.047091
            ],
            [
              72.55426,
              23.046964
            ],
            [
              72.554497,
              23.046931
            ],
            [
              72.55497,
              23.047021
            ],
            [
              72.55562,
              23.047213
            ],
            [
              72.556149,
              23.047366
            ],
            [
              72.556894,
              23.047484
            ],
            [
              72.557224,
              23.047541
            ],
            [
              72.557733,
              23.047579
            ],
            [
              72.558275,
              23.047613
            ],
            [
              72.560767,
              23.047774
            ],
            [
              72.561569,
              23.047792
            ],
            [
              72.562433,
              23.047794
            ],
            [
              72.562486,
              23.047784
            ],
            [
              72.56304,
              23.047676
            ],
            [
              72.563536,
              23.047548
            ],
            [
              72.564383,
              23.047316
            ],
            [
              72.565265,
              23.047085
            ],
            [
              72.564553,
              23.049539
            ],
            [
              72.563795,
              23.052294
            ],
            [
              72.56333,
              23.054214
            ],
            [
              72.562995,
              23.055482
            ],
            [
              72.562327,
              23.058259
            ],
            [
              72.561813,
              23.060179
            ],
            [
              72.561457,
              23.061439
            ],
            [
              72.560923,
              23.063105
            ],
            [
              72.560368,
              23.065238
            ],
            [
              72.559717,
              23.068144
            ],
            [
              72.559427,
              23.069332
            ],
            [
              72.559028,
              23.070935
            ]
          ]
        ]
      },
      "properties": {
        "zone_id": "ward-09",
        "name": "Naranpura",
        "ward_number": 9,
        "center_lat": 23.057469,
        "center_lon": 72.552035,
        "area_km2": 4.9219,
        "geometry_source": "amc_ward_boundary"
      }
    },
    {
      "type": "Feature",
      "id": "ward-08",
      "geometry": {
        "type": "Polygon",
        "coordinates": [
          [
            [
              72.498639,
              23.10063
            ],
            [
              72.498248,
              23.100643
            ],
            [
              72.497971,
              23.100444
            ],
            [
              72.497653,
              23.100217
            ],
            [
              72.497357,
              23.100005
            ],
            [
              72.497087,
              23.099812
            ],
            [
              72.496755,
              23.099754
            ],
            [
              72.496245,
              23.099877
            ],
            [
              72.495565,
              23.099872
            ],
            [
              72.493745,
              23.09953
            ],
            [
              72.492968,
              23.099658
            ],
            [
              72.492332,
              23.09894
            ],
            [
              72.491634,
              23.098566
            ],
            [
              72.488808,
              23.098244
            ],
            [
              72.486864,
              23.098072
            ],
            [
              72.483109,
              23.097494
            ],
            [
              72.482328,
              23.097228
            ],
            [
              72.48196,
              23.096493
            ],
            [
              72.480315,
              23.09587
            ],
            [
              72.478772,
              23.094613
            ],
            [
              72.479031,
              23.093912
            ],
            [
              72.478712,
              23.092231
            ],
            [
              72.478739,
              23.091155
            ],
            [
              72.478768,
              23.090565
            ],
            [
              72.478702,
              23.089985
            ],
            [
              72.478386,
              23.089276
            ],
            [
              72.478058,
              23.088794
            ],
            [
              72.477497,
              23.088263
            ],
            [
              72.476844,
              23.087729
            ],
            [
              72.476132,
              23.087367
            ],
            [
              72.475418,
              23.087115
            ],
            [
              72.474065,
              23.086268
            ],
            [
              72.473106,
              23.085523
            ],
            [
              72.472602,
              23.085387
            ],
            [
              72.472289,
              23.085096
            ],
            [
              72.471336,
              23.084801
            ],
            [
              72.470122,
              23.084571
            ],
            [
              72.468461,
              23.084306
            ],
            [
              72.466521,
              23.084023
            ],
            [
              72.46632,
              23.083363
            ],
            [
              72.465812,
              23.083386
            ],
            [
              72.465603,
              23.083221
            ],
            [
              72.464136,
              23.083208
            ],
            [
              72.46281,
              23.0832
            ],
            [
              72.460866,
              23.084109
            ],
            [
              72.46051,
              23.08287
            ],
            [
              72.46063,
              23.082344
            ],
            [
              72.460283,
              23.08129
            ],
            [
              72.460743,
              23.080492
            ],
            [
              72.460961,
              23.079267
            ],
            [
              72.461717,
              23.079447
            ],
            [
              72.461965,
              23.079121
            ],
            [
              72.463239,
              23.079904
            ],
            [
              72.464283,
              23.080325
            ],
            [
              72.464301,
              23.080682
            ],
            [
              72.464776,
              23.080878
            ],
            [
              72.465152,
              23.080248
            ],
            [
              72.466762,
              23.08093
            ],
            [
              72.467279,
              23.079221
            ],
            [
              72.467523,
              23.078797
            ],
            [
              72.468267,
              23.077597
            ],
            [
              72.469074,
              23.076512
            ],
            [
              72.469915,
              23.075679
            ],
            [
              72.471088,
              23.074862
            ],
            [
              72.472494,
              23.074193
            ],
            [
              72.473291,
              23.073557
            ],
            [
              72.474371,
              23.0722
            ],
            [
              72.474799,
              23.071644
            ],
            [
              72.47512,
              23.070584
            ],
            [
              72.475139,
              23.070582
            ],
            [
              72.475122,
              23.070574
            ],
            [
              72.47529,
              23.07002
            ],
            [
              72.475387,
              23.069402
            ],
            [
              72.475502,
              23.068825
            ],
            [
              72.475284,
              23.068517
            ],
            [
              72.475027,
              23.068379
            ],
            [
              72.474548,
              23.068373
            ],
            [
              72.473623,
              23.068906
            ],
            [
              72.473408,
              23.068225
            ],
            [
              72.473212,
              23.067305
            ],
            [
              72.473366,
              23.066509
            ],
            [
              72.473205,
              23.065408
            ],
            [
              72.472799,
              23.063298
            ],
            [
              72.472117,
              23.06329
            ],
            [
              72.471548,
              23.06308
            ],
            [
              72.471348,
              23.062755
            ],
            [
              72.469379,
              23.062546
            ],
            [
              72.469067,
              23.062458
            ],
            [
              72.468997,
              23.061982
            ],
            [
              72.468621,
              23.061765
            ],
            [
              72.467518,
              23.061532
            ],
            [
              72.466964,
              23.061661
            ],
            [
              72.46564,
              23.061494
            ],
            [
              72.465292,
              23.061184
            ],
            [
              72.463418,
              23.060704
            ],
            [
              72.461794,
              23.061145
            ],
            [
              72.460814,
              23.061626
            ],
            [
              72.458641,
              23.062484
            ],
            [
              72.458145,
              23.06236
            ],
            [
              72.457571,
              23.062693
            ],
            [
              72.456723,
              23.062786
            ],
            [
              72.455878,
              23.062521
            ],
            [
              72.45464,
              23.063085
            ],
            [
              72.453726,
              23.062259
            ],
            [
              72.452061,
              23.061748
            ],
            [
              72.450594,
              23.060984
            ],
            [
              72.450517,
              23.059064
            ],
            [
              72.450404,
              23.057338
            ],
            [
              72.450193,
              23.056078
            ],
            [
              72.450183,
              23.055008
            ],
            [
              72.449733,
              23.05378
            ],
            [
              72.449281,
              23.052317
            ],
            [
              72.450868,
              23.05191
            ],
            [
              72.450912,
              23.051011
            ],
            [
              72.450769,
              23.0505
            ],
            [
              72.450115,
              23.049371
            ],
            [
              72.449903,
              23.048631
            ],
            [
              72.4498,
              23.047662
            ],
            [
              72.450873,
              23.047062
            ],
            [
              72.451982,
              23.046582
            ],
            [
              72.452849,
              23.046439
            ],
            [
              72.454007,
              23.046673
            ],
            [
              72.454875,
              23.046292
            ],
            [
              72.455829,
              23.046779
            ],
            [
              72.457327,
              23.047018
            ],
            [
              72.458154,
              23.047214
            ],
            [
              72.458487,
              23.047031
            ],
            [
              72.459019,
              23.047326
            ],
            [
              72.460364,
              23.047154
            ],
            [
              72.460805,
              23.047329
            ],
            [
              72.462005,
              23.046935
            ],
            [
              72.463879,
              23.04624
            ],
            [
              72.464593,
              23.046639
            ],
            [
              72.465868,
              23.046161
            ],
            [
              72.466215,
              23.046521
            ],
            [
              72.46621,
              23.047149
            ],
            [
              72.466884,
              23.048006
            ],
            [
              72.467246,
              23.048859
            ],
            [
              72.469108,
              23.048608
            ],
            [
              72.469011,
              23.047674
            ],
            [
              72.469301,
              23.045996
            ],
            [
              72.470169,
              23.043874
            ],
            [
              72.470802,
              23.043049
            ],
            [
              72.471137,
              23.042594
            ],
            [
              72.471372,
              23.041008
            ],
            [
              72.472515,
              23.041089
            ],
            [
              72.472566,
              23.041204
            ],
            [
              72.47257,
              23.041214
            ],
            [
              72.47264,
              23.041219
            ],
            [
              72.474415,
              23.041585
            ],
            [
              72.475671,
              23.041885
            ],
            [
              72.475649,
              23.042166
            ],
            [
              72.476416,
              23.042918
            ],
            [
              72.477518,
              23.043195
            ],
            [
              72.478869,
              23.043166
            ],
            [
              72.480321,
              23.043164
            ],
            [
              72.481436,
              23.043227
            ],
            [
              72.48254,
              23.043365
            ],
            [
              72.483141,
              23.04344
            ],
            [
              72.483939,
              23.043103
            ],
            [
              72.48502,
              23.041933
            ],
            [
              72.485426,
              23.042213
            ],
            [
              72.485967,
              23.042198
            ],
            [
              72.486775,
              23.041993
            ],
            [
              72.487382,
              23.042041
            ],
            [
              72.487562,
              23.04299
            ],
            [
              72.487523,
              23.043743
            ],
            [
              72.488175,
              23.043751
            ],
            [
              72.488728,
              23.043984
            ],
            [
              72.489266,
              23.044209
            ],
            [
              72.489593,
              23.043366
            ],
            [
              72.489702,
              23.042565
            ],
            [
              72.48922,
              23.040875
            ],
            [
              72.488871,
              23.039288
            ],
            [
              72.488954,
              23.037401
            ],
            [
              72.489896,
              23.037487
            ],
            [
              72.49118,
              23.037566
            ],
            [
              72.491743,
              23.037591
            ],
            [
              72.492673,
              23.037326
            ],
            [
              72.493108,
              23.037245
            ],
            [
              72.493231,
              23.037307
            ],
            [
              72.493562,
              23.038848
            ],
            [
              72.494514,
              23.039439
            ],
            [
              72.494798,
              23.039335
            ],
            [
              72.494975,
              23.03937
            ],
            [
              72.495164,
              23.039292
            ],
            [
              72.495469,
              23.039527
            ],
            [
              72.495586,
              23.039262
            ],
            [
              72.496054,
              23.039532
            ],
            [
              72.496784,
              23.0399
            ],
            [
              72.497439,
              23.03998
            ],
            [
              72.498479,
              23.04023
            ],
            [
              72.49945,
              23.040431
            ],
            [
              72.499529,
              23.040279
            ],
            [
              72.499722,
              23.040403
            ],
            [
              72.500779,
              23.040712
            ],
            [
              72.501634,
              23.040976
            ],
            [
              72.501864,
              23.041493
            ],
            [
              72.502566,
              23.041694
            ],
            [
              72.502704,
              23.041727
            ],
            [
              72.502935,
              23.041836
            ],
            [
              72.503455,
              23.041974
            ],
            [
              72.503908,
              23.042017
            ],
            [
              72.504448,
              23.042119
            ],
            [
              72.504988,
              23.042221
            ],
            [
              72.505061,
              23.042477
            ],
            [
              72.505014,
              23.042822
            ],
            [
              72.504967,
              23.043167
            ],
            [
              72.505092,
              23.0433
            ],
            [
              72.505152,
              23.043363
            ],
            [
              72.505178,
              23.043372
            ],
            [
              72.505332,
              23.043422
            ],
            [
              72.505671,
              23.043534
            ],
            [
              72.505793,
              23.043616
            ],
            [
              72.505926,
              23.043809
            ],
            [
              72.505764,
              23.044333
            ],
            [
              72.50578,
              23.044524
            ],
            [
              72.505915,
              23.044792
            ],
            [
              72.505964,
              23.044907
            ],
            [
              72.506112,
              23.045527
            ],
            [
              72.506208,
              23.045598
            ],
            [
              72.506581,
              23.0458
            ],
            [
              72.507279,
              23.045972
            ],
            [
              72.507472,
              23.04603
            ],
            [
              72.507887,
              23.046059
            ],
            [
              72.507951,
              23.046063
            ],
            [
              72.508081,
              23.046117
            ],
            [
              72.508639,
              23.04635
            ],
            [
              72.509789,
              23.046243
            ],
            [
              72.51,
              23.046223
            ],
            [
              72.510575,
              23.046101
            ],
            [
              72.510929,
              23.045997
            ],
            [
              72.511208,
              23.045883
            ],
            [
              72.511309,
              23.046225
            ],
            [
              72.511386,
              23.046194
            ],
            [
              72.511574,
              23.046647
            ],
            [
              72.511684,
              23.047078
            ],
            [
              72.51279,
              23.047253
            ],
            [
              72.513301,
              23.047337
            ],
            [
              72.513329,
              23.047239
            ],
            [
              72.513549,
              23.04723
            ],
            [
              72.514409,
              23.047275
            ],
            [
              72.514912,
              23.047331
            ],
            [
              72.515181,
              23.047378
            ],
            [
              72.51526,
              23.047413
            ],
            [
              72.515243,
              23.047455
            ],
            [
              72.515767,
              23.04754
            ],
            [
              72.516381,
              23.047639
            ],
            [
              72.516485,
              23.047868
            ],
            [
              72.51688,
              23.047846
            ],
            [
              72.516247,
              23.046547
            ],
            [
              72.518006,
              23.044882
            ],
            [
              72.518401,
              23.044585
            ],
            [
              72.520957,
              23.043647
            ],
            [
              72.524635,
              23.042398
            ],
            [
              72.526275,
              23.041487
            ],
            [
              72.528314,
              23.040289
            ],
            [
              72.528394,
              23.040759
            ],
            [
              72.528672,
              23.041464
            ],
            [
              72.529084,
              23.042312
            ],
            [
              72.529381,
              23.042911
            ],
            [
              72.529508,
              23.043191
            ],
            [
              72.529844,
              23.043829
            ],
            [
              72.530488,
              23.045284
            ],
            [
              72.530753,
              23.045882
            ],
            [
              72.530878,
              23.046143
            ],
            [
              72.532249,
              23.045937
            ],
            [
              72.534009,
              23.045811
            ],
            [
              72.534016,
              23.046932
            ],
            [
              72.534124,
              23.04901
            ],
            [
              72.53417,
              23.050852
            ],
            [
              72.534263,
              23.052466
            ],
            [
              72.536294,
              23.052213
            ],
            [
              72.538509,
              23.051857
            ],
            [
              72.538736,
              23.051956
            ],
            [
              72.538582,
              23.052252
            ],
            [
              72.538614,
              23.052442
            ],
            [
              72.538281,
              23.052581
            ],
            [
              72.537829,
              23.053007
            ],
            [
              72.537475,
              23.053515
            ],
            [
              72.53715,
              23.054
            ],
            [
              72.537091,
              23.054611
            ],
            [
              72.536958,
              23.054842
            ],
            [
              72.536989,
              23.056101
            ],
            [
              72.536818,
              23.056746
            ],
            [
              72.536769,
              23.057216
            ],
            [
              72.536873,
              23.057631
            ],
            [
              72.537,
              23.058956
            ],
            [
              72.536595,
              23.058933
            ],
            [
              72.53627,
              23.059033
            ],
            [
              72.535426,
              23.059344
            ],
            [
              72.534655,
              23.059543
            ],
            [
              72.533935,
              23.059687
            ],
            [
              72.533362,
              23.059947
            ],
            [
              72.532326,
              23.060539
            ],
            [
              72.531467,
              23.061084
            ],
            [
              72.531262,
              23.061518
            ],
            [
              72.531654,
              23.06377
            ],
            [
              72.53071,
              23.064291
            ],
            [
              72.529635,
              23.065367
            ],
            [
              72.528223,
              23.06661
            ],
            [
              72.527039,
              23.067898
            ],
            [
              72.525339,
              23.06716
            ],
            [
              72.522324,
              23.065852
            ],
            [
              72.51618,
              23.063186
            ],
            [
              72.513669,
              23.062102
            ],
            [
              72.510251,
              23.060558
            ],
            [
              72.507945,
              23.059613
            ],
            [
              72.505383,
              23.058542
            ],
            [
              72.503386,
              23.057663
            ],
            [
              72.503134,
              23.057548
            ],
            [
              72.502148,
              23.058127
            ],
            [
              72.500757,
              23.058694
            ],
            [
              72.500065,
              23.058898
            ],
            [
              72.499359,
              23.059168
            ],
            [
              72.500039,
              23.059555
            ],
            [
              72.500859,
              23.059917
            ],
            [
              72.501677,
              23.060277
            ],
            [
              72.502393,
              23.060683
            ],
            [
              72.50275,
              23.061056
            ],
            [
              72.502925,
              23.061489
            ],
            [
              72.502813,
              23.061999
            ],
            [
              72.503066,
              23.062666
            ],
            [
              72.502887,
              23.062944
            ],
            [
              72.502924,
              23.063145
            ],
            [
              72.502744,
              23.063394
            ],
            [
              72.50215,
              23.064415
            ],
            [
              72.501413,
              23.064315
            ],
            [
              72.500626,
              23.064101
            ],
            [
              72.500618,
              23.064096
            ],
            [
              72.50061,
              23.06409
            ],
            [
              72.500602,
              23.064085
            ],
            [
              72.500594,
              23.064081
            ],
            [
              72.500586,
              23.064076
            ],
            [
              72.500577,
              23.064072
            ],
            [
              72.500568,
              23.064068
            ],
            [
              72.500559,
              23.064064
            ],
            [
              72.50055,
              23.064061
            ],
            [
              72.500541,
              23.064058
            ],
            [
              72.500532,
              23.064055
            ],
            [
              72.500523,
              23.064052
            ],
            [
              72.500513,
              23.06405
            ],
            [
              72.500504,
              23.064048
            ],
            [
              72.500494,
              23.064046
            ],
            [
              72.500484,
              23.064045
            ],
            [
              72.500475,
              23.064044
            ],
            [
              72.500465,
              23.064043
            ],
            [
              72.500455,
              23.064043
            ],
            [
              72.500445,
              23.064043
            ],
            [
              72.500436,
              23.064043
            ],
            [
              72.500426,
              23.064044
            ],
            [
              72.500416,
              23.064044
            ],
            [
              72.500407,
              23.064046
            ],
            [
              72.500397,
              23.064047
            ],
            [
              72.500387,
              23.064049
            ],
            [
              72.500378,
              23.064051
            ],
            [
              72.500369,
              23.064053
            ],
            [
              72.500359,
              23.064056
            ],
            [
              72.50035,
              23.064059
            ],
            [
              72.500341,
              23.064062
            ],
            [
              72.500332,
              23.064066
            ],
            [
              72.500323,
              23.06407
            ],
            [
              72.500315,
              23.064074
            ],
            [
              72.500306,
              23.064078
            ],
            [
              72.500298,
              23.064083
            ],
            [
              72.50029,
              23.064088
            ],
            [
              72.500282,
              23.064093
            ],
            [
              72.500274,
              23.064099
            ],
            [
              72.500267,
              23.064104
            ],
            [
              72.500259,
              23.06411
            ],
            [
              72.500252,
              23.064116
            ],
            [
              72.500245,
              23.064123
            ],
            [
              72.500239,
              23.064129
            ],
            [
              72.500232,
              23.064136
            ],
            [
              72.500226,
              23.064143
            ],
            [
              72.500221,
              23.06415
            ],
            [
              72.500215,
              23.064158
            ],
            [
              72.50021,
              23.064165
            ],
            [
              72.500205,
              23.064173
            ],
            [
              72.5002,
              23.064181
            ],
            [
              72.500196,
              23.064189
            ],
            [
              72.500192,
              23.064197
            ],
            [
              72.499707,
              23.065216
            ],
            [
              72.499295,
              23.066053
            ],
            [
              72.498744,
              23.066943
            ],
            [
              72.498606,
              23.067565
            ],
            [
              72.498046,
              23.068146
            ],
            [
              72.498281,
              23.068688
            ],
            [
              72.498484,
              23.069231
            ],
            [
              72.498827,
              23.069811
            ],
            [
              72.499054,
              23.07053
            ],
            [
              72.499201,
              23.071625
            ],
            [
              72.499163,
              23.072401
            ],
            [
              72.499024,
              23.073145
            ],
            [
              72.499048,
              23.073922
            ],
            [
              72.499283,
              23.074465
            ],
            [
              72.499446,
              23.074765
            ],
            [
              72.499557,
              23.075571
            ],
            [
              72.499111,
              23.075775
            ],
            [
              72.499358,
              23.076699
            ],
            [
              72.499895,
              23.078703
            ],
            [
              72.499999,
              23.080015
            ],
            [
              72.500005,
              23.080307
            ],
            [
              72.499225,
              23.080608
            ],
            [
              72.496857,
              23.081907
            ],
            [
              72.493999,
              23.083476
            ],
            [
              72.493038,
              23.083947
            ],
            [
              72.494392,
              23.086887
            ],
            [
              72.495692,
              23.090578
            ],
            [
              72.496965,
              23.094071
            ],
            [
              72.497757,
              23.096367
            ],
            [
              72.498972,
              23.099538
            ],
            [
              72.498858,
              23.099911
            ],
            [
              72.498639,
              23.10063
            ]
          ]
        ]
      },
      "properties": {
        "zone_id": "ward-08",
        "name": "Thaltej",
        "ward_number": 8,
        "center_lat": 23.062385,
        "center_lon": 72.491039,
        "area_km2": 28.0753,
        "geometry_source": "amc_ward_boundary"
      }
    },
    {
      "type": "Feature",
      "id": "ward-07",
      "geometry": {
        "type": "Polygon",
        "coordinates": [
          [
            [
              72.556814,
              23.069941
            ],
            [
              72.557017,
              23.070009
            ],
            [
              72.557505,
              23.070169
            ],
            [
              72.557649,
              23.070213
            ],
            [
              72.557825,
              23.070288
            ],
            [
              72.55803,
              23.070375
            ],
            [
              72.558254,
              23.070473
            ],
            [
              72.558506,
              23.070636
            ],
            [
              72.558838,
              23.070849
            ],
            [
              72.559028,
              23.070935
            ],
            [
              72.559324,
              23.071069
            ],
            [
              72.556807,
              23.080588
            ],
            [
              72.556775,
              23.080701
            ],
            [
              72.550542,
              23.077825
            ],
            [
              72.541597,
              23.074077
            ],
            [
              72.541576,
              23.074068
            ],
            [
              72.537557,
              23.072312
            ],
            [
              72.537569,
              23.072216
            ],
            [
              72.537569,
              23.0719
            ],
            [
              72.53743,
              23.071442
            ],
            [
              72.537136,
              23.070238
            ],
            [
              72.53732,
              23.069638
            ],
            [
              72.535945,
              23.068962
            ],
            [
              72.535404,
              23.068871
            ],
            [
              72.534177,
              23.068428
            ],
            [
              72.533807,
              23.068171
            ],
            [
              72.532929,
              23.066512
            ],
            [
              72.53437,
              23.065875
            ],
            [
              72.535053,
              23.065632
            ],
            [
              72.535499,
              23.065552
            ],
            [
              72.536316,
              23.065462
            ],
            [
              72.535553,
              23.064244
            ],
            [
              72.534316,
              23.06238
            ],
            [
              72.531654,
              23.06377
            ],
            [
              72.531262,
              23.061518
            ],
            [
              72.531467,
              23.061084
            ],
            [
              72.532326,
              23.060539
            ],
            [
              72.533362,
              23.059947
            ],
            [
              72.533935,
              23.059687
            ],
            [
              72.534655,
              23.059543
            ],
            [
              72.535426,
              23.059344
            ],
            [
              72.53627,
              23.059033
            ],
            [
              72.536595,
              23.058933
            ],
            [
              72.537,
              23.058956
            ],
            [
              72.537851,
              23.05893
            ],
            [
              72.537978,
              23.059621
            ],
            [
              72.539135,
              23.059777
            ],
            [
              72.539752,
              23.060069
            ],
            [
              72.540337,
              23.060272
            ],
            [
              72.541064,
              23.06083
            ],
            [
              72.541408,
              23.061095
            ],
            [
              72.541693,
              23.061093
            ],
            [
              72.542181,
              23.061246
            ],
            [
              72.542627,
              23.061368
            ],
            [
              72.543381,
              23.061549
            ],
            [
              72.544043,
              23.061585
            ],
            [
              72.544295,
              23.061645
            ],
            [
              72.544508,
              23.061691
            ],
            [
              72.544671,
              23.062197
            ],
            [
              72.544714,
              23.062366
            ],
            [
              72.544689,
              23.062447
            ],
            [
              72.544845,
              23.062754
            ],
            [
              72.544967,
              23.06301
            ],
            [
              72.545087,
              23.063261
            ],
            [
              72.545145,
              23.063367
            ],
            [
              72.545235,
              23.063547
            ],
            [
              72.545389,
              23.063859
            ],
            [
              72.545462,
              23.064106
            ],
            [
              72.545674,
              23.064868
            ],
            [
              72.545696,
              23.065112
            ],
            [
              72.545704,
              23.065205
            ],
            [
              72.545719,
              23.065254
            ],
            [
              72.545748,
              23.065357
            ],
            [
              72.54578,
              23.065462
            ],
            [
              72.545835,
              23.065655
            ],
            [
              72.545994,
              23.065984
            ],
            [
              72.546226,
              23.066448
            ],
            [
              72.546382,
              23.066739
            ],
            [
              72.546489,
              23.066947
            ],
            [
              72.546774,
              23.067195
            ],
            [
              72.547,
              23.06747
            ],
            [
              72.547301,
              23.067563
            ],
            [
              72.547533,
              23.067688
            ],
            [
              72.547935,
              23.067862
            ],
            [
              72.548569,
              23.068111
            ],
            [
              72.548879,
              23.068144
            ],
            [
              72.549043,
              23.068229
            ],
            [
              72.549335,
              23.068709
            ],
            [
              72.549918,
              23.068913
            ],
            [
              72.550428,
              23.069086
            ],
            [
              72.550794,
              23.06922
            ],
            [
              72.550957,
              23.06928
            ],
            [
              72.551119,
              23.069324
            ],
            [
              72.551231,
              23.069355
            ],
            [
              72.55124,
              23.069351
            ],
            [
              72.551404,
              23.06927
            ],
            [
              72.551656,
              23.069114
            ],
            [
              72.551825,
              23.069102
            ],
            [
              72.55205,
              23.069087
            ],
            [
              72.552469,
              23.069122
            ],
            [
              72.552973,
              23.069165
            ],
            [
              72.553231,
              23.069187
            ],
            [
              72.5536,
              23.069221
            ],
            [
              72.553945,
              23.069342
            ],
            [
              72.554223,
              23.069443
            ],
            [
              72.55456,
              23.069492
            ],
            [
              72.554927,
              23.069542
            ],
            [
              72.555481,
              23.069611
            ],
            [
              72.555651,
              23.069666
            ],
            [
              72.555949,
              23.069741
            ],
            [
              72.55663,
              23.069897
            ],
            [
              72.556814,
              23.069941
            ]
          ]
        ]
      },
      "properties": {
        "zone_id": "ward-07",
        "name": "Ghatlodia",
        "ward_number": 7,
        "center_lat": 23.069679,
        "center_lon": 72.545403,
        "area_km2": 3.0106,
        "geometry_source": "amc_ward_boundary"
      }
    },
    {
      "type": "Feature",
      "id": "ward-06",
      "geometry": {
        "type": "Polygon",
        "coordinates": [
          [
            [
              72.572099,
              23.086338
            ],
            [
              72.571463,
              23.086296
            ],
            [
              72.570415,
              23.086153
            ],
            [
              72.569279,
              23.085935
            ],
            [
              72.568125,
              23.085592
            ],
            [
              72.566254,
              23.084767
            ],
            [
              72.562991,
              23.083366
            ],
            [
              72.559376,
              23.081826
            ],
            [
              72.556807,
              23.080588
            ],
            [
              72.559324,
              23.071069
            ],
            [
              72.559028,
              23.070935
            ],
            [
              72.559427,
              23.069332
            ],
            [
              72.559717,
              23.068144
            ],
            [
              72.560368,
              23.065238
            ],
            [
              72.560923,
              23.063105
            ],
            [
              72.561457,
              23.061439
            ],
            [
              72.561813,
              23.060179
            ],
            [
              72.562327,
              23.058259
            ],
            [
              72.562995,
              23.055482
            ],
            [
              72.563954,
              23.055592
            ],
            [
              72.564992,
              23.055616
            ],
            [
              72.565621,
              23.055514
            ],
            [
              72.567226,
              23.055203
            ],
            [
              72.567318,
              23.055185
            ],
            [
              72.567307,
              23.055139
            ],
            [
              72.567191,
              23.054634
            ],
            [
              72.566845,
              23.053471
            ],
            [
              72.568834,
              23.053024
            ],
            [
              72.571214,
              23.052929
            ],
            [
              72.571342,
              23.052924
            ],
            [
              72.571345,
              23.052919
            ],
            [
              72.571481,
              23.052711
            ],
            [
              72.572116,
              23.05269
            ],
            [
              72.572268,
              23.053759
            ],
            [
              72.572383,
              23.055748
            ],
            [
              72.572416,
              23.056418
            ],
            [
              72.572355,
              23.05659
            ],
            [
              72.572173,
              23.056725
            ],
            [
              72.571791,
              23.056915
            ],
            [
              72.571413,
              23.05708
            ],
            [
              72.570964,
              23.057365
            ],
            [
              72.570229,
              23.057955
            ],
            [
              72.569492,
              23.058672
            ],
            [
              72.568972,
              23.059221
            ],
            [
              72.568604,
              23.059848
            ],
            [
              72.568342,
              23.060433
            ],
            [
              72.568288,
              23.061159
            ],
            [
              72.56817,
              23.061509
            ],
            [
              72.567985,
              23.061859
            ],
            [
              72.567463,
              23.062249
            ],
            [
              72.56732,
              23.062423
            ],
            [
              72.56735,
              23.062516
            ],
            [
              72.56802,
              23.063146
            ],
            [
              72.568389,
              23.063622
            ],
            [
              72.568451,
              23.064035
            ],
            [
              72.568419,
              23.064579
            ],
            [
              72.568285,
              23.065058
            ],
            [
              72.567977,
              23.066137
            ],
            [
              72.567559,
              23.067542
            ],
            [
              72.567399,
              23.067799
            ],
            [
              72.566797,
              23.069842
            ],
            [
              72.566152,
              23.072329
            ],
            [
              72.570922,
              23.072369
            ],
            [
              72.570989,
              23.072538
            ],
            [
              72.570935,
              23.073657
            ],
            [
              72.570797,
              23.073908
            ],
            [
              72.570491,
              23.074519
            ],
            [
              72.570359,
              23.074879
            ],
            [
              72.57031,
              23.074975
            ],
            [
              72.570212,
              23.07519
            ],
            [
              72.570172,
              23.075277
            ],
            [
              72.570054,
              23.075494
            ],
            [
              72.569807,
              23.075968
            ],
            [
              72.569711,
              23.07616
            ],
            [
              72.569974,
              23.076209
            ],
            [
              72.56985,
              23.076658
            ],
            [
              72.569703,
              23.076914
            ],
            [
              72.569111,
              23.076933
            ],
            [
              72.568785,
              23.077208
            ],
            [
              72.568578,
              23.077506
            ],
            [
              72.568397,
              23.077765
            ],
            [
              72.568345,
              23.077839
            ],
            [
              72.568343,
              23.077843
            ],
            [
              72.568308,
              23.077927
            ],
            [
              72.568217,
              23.078146
            ],
            [
              72.568185,
              23.078185
            ],
            [
              72.568193,
              23.078206
            ],
            [
              72.56849,
              23.078993
            ],
            [
              72.569543,
              23.08104
            ],
            [
              72.57173,
              23.085501
            ],
            [
              72.572099,
              23.086338
            ]
          ]
        ]
      },
      "properties": {
        "zone_id": "ward-06",
        "name": "New Wadaj",
        "ward_number": 6,
        "center_lat": 23.070605,
        "center_lon": 72.564814,
        "area_km2": 3.182,
        "geometry_source": "amc_ward_boundary"
      }
    },
    {
      "type": "Feature",
      "id": "ward-05",
      "geometry": {
        "type": "Polygon",
        "coordinates": [
          [
            [
              72.58045,
              23.091217
            ],
            [
              72.578294,
              23.095084
            ],
            [
              72.576339,
              23.097881
            ],
            [
              72.574245,
              23.10033
            ],
            [
              72.572535,
              23.101195
            ],
            [
              72.570438,
              23.102194
            ],
            [
              72.568403,
              23.103437
            ],
            [
              72.567404,
              23.103795
            ],
            [
              72.567036,
              23.103894
            ],
            [
              72.565592,
              23.10428
            ],
            [
              72.564076,
              23.104799
            ],
            [
              72.563042,
              23.104942
            ],
            [
              72.56215,
              23.104924
            ],
            [
              72.561335,
              23.104765
            ],
            [
              72.560371,
              23.104249
            ],
            [
              72.559464,
              23.103674
            ],
            [
              72.558717,
              23.102837
            ],
            [
              72.558039,
              23.101841
            ],
            [
              72.555747,
              23.096824
            ],
            [
              72.554732,
              23.094671
            ],
            [
              72.554257,
              23.093313
            ],
            [
              72.554218,
              23.091524
            ],
            [
              72.554628,
              23.08959
            ],
            [
              72.555389,
              23.086355
            ],
            [
              72.556775,
              23.080701
            ],
            [
              72.556807,
              23.080588
            ],
            [
              72.559376,
              23.081826
            ],
            [
              72.562991,
              23.083366
            ],
            [
              72.566254,
              23.084767
            ],
            [
              72.568125,
              23.085592
            ],
            [
              72.569279,
              23.085935
            ],
            [
              72.570415,
              23.086153
            ],
            [
              72.571463,
              23.086296
            ],
            [
              72.572099,
              23.086338
            ],
            [
              72.57173,
              23.085501
            ],
            [
              72.569543,
              23.08104
            ],
            [
              72.56849,
              23.078993
            ],
            [
              72.568193,
              23.078206
            ],
            [
              72.568185,
              23.078185
            ],
            [
              72.568217,
              23.078146
            ],
            [
              72.568308,
              23.077927
            ],
            [
              72.568343,
              23.077843
            ],
            [
              72.568345,
              23.077839
            ],
            [
              72.568397,
              23.077765
            ],
            [
              72.568578,
              23.077506
            ],
            [
              72.568785,
              23.077208
            ],
            [
              72.569111,
              23.076933
            ],
            [
              72.569703,
              23.076914
            ],
            [
              72.56985,
              23.076658
            ],
            [
              72.569974,
              23.076209
            ],
            [
              72.569711,
              23.07616
            ],
            [
              72.569807,
              23.075968
            ],
            [
              72.570054,
              23.075494
            ],
            [
              72.570172,
              23.075277
            ],
            [
              72.570212,
              23.07519
            ],
            [
              72.57031,
              23.074975
            ],
            [
              72.570359,
              23.074879
            ],
            [
              72.570491,
              23.074519
            ],
            [
              72.570797,
              23.073908
            ],
            [
              72.570935,
              23.073657
            ],
            [
              72.571236,
              23.073117
            ],
            [
              72.571873,
              23.072501
            ],
            [
              72.572053,
              23.072325
            ],
            [
              72.572429,
              23.071884
            ],
            [
              72.572956,
              23.071244
            ],
            [
              72.57461,
              23.070377
            ],
            [
              72.575919,
              23.069484
            ],
            [
              72.576218,
              23.069375
            ],
            [
              72.576605,
              23.069228
            ],
            [
              72.577198,
              23.068989
            ],
            [
              72.577424,
              23.069001
            ],
            [
              72.577624,
              23.068977
            ],
            [
              72.578035,
              23.069047
            ],
            [
              72.578281,
              23.069088
            ],
            [
              72.579302,
              23.06941
            ],
            [
              72.579902,
              23.069505
            ],
            [
              72.581149,
              23.069798
            ],
            [
              72.582281,
              23.070073
            ],
            [
              72.5831,
              23.070261
            ],
            [
              72.58563,
              23.072285
            ],
            [
              72.586793,
              23.07181
            ],
            [
              72.587313,
              23.072683
            ],
            [
              72.587418,
              23.072659
            ],
            [
              72.587708,
              23.073126
            ],
            [
              72.587044,
              23.075447
            ],
            [
              72.58603,
              23.078859
            ],
            [
              72.58513,
              23.080341
            ],
            [
              72.584515,
              23.081355
            ],
            [
              72.582989,
              23.083447
            ],
            [
              72.582046,
              23.084213
            ],
            [
              72.582666,
              23.086199
            ],
            [
              72.583165,
              23.086316
            ],
            [
              72.58045,
              23.091217
            ]
          ]
        ]
      },
      "properties": {
        "zone_id": "ward-05",
        "name": "Ranip",
        "ward_number": 5,
        "center_lat": 23.087557,
        "center_lon": 72.570503,
        "area_km2": 7.5747,
        "geometry_source": "amc_ward_boundary"
      }
    },
    {
      "type": "Feature",
      "id": "ward-04",
      "geometry": {
        "type": "Polygon",
        "coordinates": [
          [
            [
              72.614672,
              23.105557
            ],
            [
              72.614709,
              23.106736
            ],
            [
              72.615395,
              23.10735
            ],
            [
              72.617981,
              23.108293
            ],
            [
              72.618085,
              23.109218
            ],
            [
              72.618303,
              23.110345
            ],
            [
              72.618786,
              23.111143
            ],
            [
              72.619313,
              23.111765
            ],
            [
              72.620218,
              23.112819
            ],
            [
              72.620362,
              23.113856
            ],
            [
              72.619346,
              23.11399
            ],
            [
              72.618377,
              23.113924
            ],
            [
              72.617063,
              23.113852
            ],
            [
              72.615781,
              23.113969
            ],
            [
              72.614748,
              23.114251
            ],
            [
              72.614791,
              23.114802
            ],
            [
              72.614875,
              23.115702
            ],
            [
              72.614903,
              23.116508
            ],
            [
              72.611475,
              23.114471
            ],
            [
              72.604029,
              23.109041
            ],
            [
              72.598524,
              23.105175
            ],
            [
              72.5893,
              23.09873
            ],
            [
              72.588998,
              23.099647
            ],
            [
              72.588421,
              23.101465
            ],
            [
              72.588273,
              23.101407
            ],
            [
              72.587859,
              23.101203
            ],
            [
              72.587411,
              23.101
            ],
            [
              72.587097,
              23.100899
            ],
            [
              72.586768,
              23.100991
            ],
            [
              72.586464,
              23.100996
            ],
            [
              72.586031,
              23.100809
            ],
            [
              72.586215,
              23.101216
            ],
            [
              72.586293,
              23.101887
            ],
            [
              72.586375,
              23.10302
            ],
            [
              72.585472,
              23.103125
            ],
            [
              72.585373,
              23.102272
            ],
            [
              72.585231,
              23.102236
            ],
            [
              72.585091,
              23.101385
            ],
            [
              72.584163,
              23.101616
            ],
            [
              72.583987,
              23.10145
            ],
            [
              72.582047,
              23.101695
            ],
            [
              72.581712,
              23.101285
            ],
            [
              72.581057,
              23.101351
            ],
            [
              72.58047,
              23.101618
            ],
            [
              72.580098,
              23.101306
            ],
            [
              72.579287,
              23.101581
            ],
            [
              72.578806,
              23.101562
            ],
            [
              72.578563,
              23.101742
            ],
            [
              72.578364,
              23.101889
            ],
            [
              72.578106,
              23.10203
            ],
            [
              72.577522,
              23.102348
            ],
            [
              72.576906,
              23.102586
            ],
            [
              72.576838,
              23.102612
            ],
            [
              72.576809,
              23.102481
            ],
            [
              72.576688,
              23.101933
            ],
            [
              72.575062,
              23.100894
            ],
            [
              72.57434,
              23.100433
            ],
            [
              72.574245,
              23.10033
            ],
            [
              72.576339,
              23.097881
            ],
            [
              72.578294,
              23.095084
            ],
            [
              72.58045,
              23.091217
            ],
            [
              72.583165,
              23.086316
            ],
            [
              72.582666,
              23.086199
            ],
            [
              72.582046,
              23.084213
            ],
            [
              72.582989,
              23.083447
            ],
            [
              72.584515,
              23.081355
            ],
            [
              72.58513,
              23.080341
            ],
            [
              72.58603,
              23.078859
            ],
            [
              72.587044,
              23.075447
            ],
            [
              72.587708,
              23.073126
            ],
            [
              72.587418,
              23.072659
            ],
            [
              72.587531,
              23.072632
            ],
            [
              72.587908,
              23.069999
            ],
            [
              72.587876,
              23.069723
            ],
            [
              72.588609,
              23.069917
            ],
            [
              72.5888,
              23.069238
            ],
            [
              72.589095,
              23.068532
            ],
            [
              72.589834,
              23.066756
            ],
            [
              72.589943,
              23.065565
            ],
            [
              72.590076,
              23.064569
            ],
            [
              72.590378,
              23.06351
            ],
            [
              72.592191,
              23.064639
            ],
            [
              72.593318,
              23.065311
            ],
            [
              72.595228,
              23.066753
            ],
            [
              72.596475,
              23.068016
            ],
            [
              72.59756,
              23.069528
            ],
            [
              72.598051,
              23.070385
            ],
            [
              72.598429,
              23.071291
            ],
            [
              72.5989,
              23.072356
            ],
            [
              72.599667,
              23.074303
            ],
            [
              72.599912,
              23.074944
            ],
            [
              72.600566,
              23.078186
            ],
            [
              72.600771,
              23.079404
            ],
            [
              72.601086,
              23.081556
            ],
            [
              72.601441,
              23.083315
            ],
            [
              72.601544,
              23.085401
            ],
            [
              72.601629,
              23.086283
            ],
            [
              72.599144,
              23.088743
            ],
            [
              72.598531,
              23.089203
            ],
            [
              72.598733,
              23.08956
            ],
            [
              72.601335,
              23.091168
            ],
            [
              72.601746,
              23.092111
            ],
            [
              72.604314,
              23.09351
            ],
            [
              72.604833,
              23.093553
            ],
            [
              72.610027,
              23.09339
            ],
            [
              72.609775,
              23.094835
            ],
            [
              72.609795,
              23.095188
            ],
            [
              72.61076,
              23.096975
            ],
            [
              72.610577,
              23.097668
            ],
            [
              72.610333,
              23.09863
            ],
            [
              72.610216,
              23.099381
            ],
            [
              72.610409,
              23.100147
            ],
            [
              72.611226,
              23.101509
            ],
            [
              72.611561,
              23.101516
            ],
            [
              72.612288,
              23.103237
            ],
            [
              72.613886,
              23.103259
            ],
            [
              72.614672,
              23.105557
            ]
          ]
        ]
      },
      "properties": {
        "zone_id": "ward-04",
        "name": "Sabarmati",
        "ward_number": 4,
        "center_lat": 23.092121,
        "center_lon": 72.596091,
        "area_km2": 9.8134,
        "geometry_source": "amc_ward_boundary"
      }
    },
    {
      "type": "Feature",
      "id": "ward-03",
      "geometry": {
        "type": "Polygon",
        "coordinates": [
          [
            [
              72.584192,
              23.129448
            ],
            [
              72.583315,
              23.129845
            ],
            [
              72.583111,
              23.129591
            ],
            [
              72.582911,
              23.12743
            ],
            [
              72.5822,
              23.127471
            ],
            [
              72.581815,
              23.126746
            ],
            [
              72.581707,
              23.12652
            ],
            [
              72.581374,
              23.124968
            ],
            [
              72.580622,
              23.122713
            ],
            [
              72.580406,
              23.121802
            ],
            [
              72.580215,
              23.121781
            ],
            [
              72.579774,
              23.120392
            ],
            [
              72.579273,
              23.119576
            ],
            [
              72.578586,
              23.118392
            ],
            [
              72.578116,
              23.118496
            ],
            [
              72.577506,
              23.117596
            ],
            [
              72.577057,
              23.117739
            ],
            [
              72.576067,
              23.118968
            ],
            [
              72.575485,
              23.119593
            ],
            [
              72.575001,
              23.119909
            ],
            [
              72.573572,
              23.120648
            ],
            [
              72.57136,
              23.121816
            ],
            [
              72.57082,
              23.122128
            ],
            [
              72.570694,
              23.121712
            ],
            [
              72.570093,
              23.120306
            ],
            [
              72.569699,
              23.119094
            ],
            [
              72.569679,
              23.118842
            ],
            [
              72.569653,
              23.11825
            ],
            [
              72.569013,
              23.118012
            ],
            [
              72.568806,
              23.11736
            ],
            [
              72.568561,
              23.116213
            ],
            [
              72.568068,
              23.116105
            ],
            [
              72.567653,
              23.116088
            ],
            [
              72.567556,
              23.115786
            ],
            [
              72.566497,
              23.115684
            ],
            [
              72.564259,
              23.116176
            ],
            [
              72.564112,
              23.116042
            ],
            [
              72.563102,
              23.116348
            ],
            [
              72.562728,
              23.116298
            ],
            [
              72.562732,
              23.115749
            ],
            [
              72.562663,
              23.115401
            ],
            [
              72.56247,
              23.115305
            ],
            [
              72.567036,
              23.103894
            ],
            [
              72.567404,
              23.103795
            ],
            [
              72.568403,
              23.103437
            ],
            [
              72.570438,
              23.102194
            ],
            [
              72.572535,
              23.101195
            ],
            [
              72.574245,
              23.10033
            ],
            [
              72.57434,
              23.100433
            ],
            [
              72.575062,
              23.100894
            ],
            [
              72.576688,
              23.101933
            ],
            [
              72.576809,
              23.102481
            ],
            [
              72.576838,
              23.102612
            ],
            [
              72.576906,
              23.102586
            ],
            [
              72.577522,
              23.102348
            ],
            [
              72.578106,
              23.10203
            ],
            [
              72.578364,
              23.101889
            ],
            [
              72.578563,
              23.101742
            ],
            [
              72.578806,
              23.101562
            ],
            [
              72.579287,
              23.101581
            ],
            [
              72.580098,
              23.101306
            ],
            [
              72.58047,
              23.101618
            ],
            [
              72.581057,
              23.101351
            ],
            [
              72.581712,
              23.101285
            ],
            [
              72.582047,
              23.101695
            ],
            [
              72.583987,
              23.10145
            ],
            [
              72.584163,
              23.101616
            ],
            [
              72.585091,
              23.101385
            ],
            [
              72.585231,
              23.102236
            ],
            [
              72.585373,
              23.102272
            ],
            [
              72.585472,
              23.103125
            ],
            [
              72.586375,
              23.10302
            ],
            [
              72.586293,
              23.101887
            ],
            [
              72.586215,
              23.101216
            ],
            [
              72.586031,
              23.100809
            ],
            [
              72.586464,
              23.100996
            ],
            [
              72.586768,
              23.100991
            ],
            [
              72.587097,
              23.100899
            ],
            [
              72.587411,
              23.101
            ],
            [
              72.587859,
              23.101203
            ],
            [
              72.588273,
              23.101407
            ],
            [
              72.588421,
              23.101465
            ],
            [
              72.588998,
              23.099647
            ],
            [
              72.5893,
              23.09873
            ],
            [
              72.598524,
              23.105175
            ],
            [
              72.604029,
              23.109041
            ],
            [
              72.611475,
              23.114471
            ],
            [
              72.614903,
              23.116508
            ],
            [
              72.614916,
              23.116861
            ],
            [
              72.614938,
              23.117195
            ],
            [
              72.615143,
              23.117645
            ],
            [
              72.615111,
              23.119198
            ],
            [
              72.615086,
              23.119752
            ],
            [
              72.615431,
              23.120342
            ],
            [
              72.616082,
              23.121503
            ],
            [
              72.6165,
              23.122251
            ],
            [
              72.615526,
              23.122146
            ],
            [
              72.615004,
              23.122085
            ],
            [
              72.614198,
              23.121987
            ],
            [
              72.614214,
              23.123214
            ],
            [
              72.614205,
              23.123531
            ],
            [
              72.614167,
              23.124563
            ],
            [
              72.614183,
              23.124855
            ],
            [
              72.614183,
              23.125095
            ],
            [
              72.613608,
              23.125313
            ],
            [
              72.613292,
              23.125429
            ],
            [
              72.612542,
              23.12548
            ],
            [
              72.612616,
              23.126304
            ],
            [
              72.610718,
              23.127255
            ],
            [
              72.610393,
              23.128176
            ],
            [
              72.608736,
              23.128482
            ],
            [
              72.607495,
              23.129031
            ],
            [
              72.606704,
              23.129337
            ],
            [
              72.605282,
              23.129614
            ],
            [
              72.603742,
              23.129915
            ],
            [
              72.602769,
              23.130137
            ],
            [
              72.601538,
              23.130315
            ],
            [
              72.601334,
              23.130179
            ],
            [
              72.601027,
              23.130337
            ],
            [
              72.599165,
              23.130142
            ],
            [
              72.598493,
              23.131187
            ],
            [
              72.59604,
              23.130091
            ],
            [
              72.595356,
              23.130192
            ],
            [
              72.59163,
              23.129748
            ],
            [
              72.591488,
              23.129436
            ],
            [
              72.589706,
              23.129021
            ],
            [
              72.589562,
              23.128764
            ],
            [
              72.588914,
              23.128649
            ],
            [
              72.588559,
              23.129332
            ],
            [
              72.587972,
              23.129247
            ],
            [
              72.587617,
              23.129941
            ],
            [
              72.585433,
              23.12932
            ],
            [
              72.585054,
              23.129651
            ],
            [
              72.584192,
              23.129448
            ]
          ]
        ]
      },
      "properties": {
        "zone_id": "ward-03",
        "name": "Chandkheda",
        "ward_number": 3,
        "center_lat": 23.115428,
        "center_lon": 72.589791,
        "area_km2": 11.9453,
        "geometry_source": "amc_ward_boundary"
      }
    },
    {
      "type": "Feature",
      "id": "ward-02",
      "geometry": {
        "type": "Polygon",
        "coordinates": [
          [
            [
              72.55911,
              23.139332
            ],
            [
              72.558819,
              23.139322
            ],
            [
              72.55884,
              23.137894
            ],
            [
              72.558742,
              23.137914
            ],
            [
              72.558576,
              23.138135
            ],
            [
              72.558423,
              23.138083
            ],
            [
              72.557823,
              23.137901
            ],
            [
              72.557814,
              23.137416
            ],
            [
              72.557667,
              23.137166
            ],
            [
              72.557639,
              23.137118
            ],
            [
              72.557395,
              23.136784
            ],
            [
              72.557533,
              23.136176
            ],
            [
              72.556803,
              23.136229
            ],
            [
              72.556607,
              23.136079
            ],
            [
              72.556518,
              23.136038
            ],
            [
              72.555711,
              23.135669
            ],
            [
              72.555472,
              23.135593
            ],
            [
              72.555262,
              23.135526
            ],
            [
              72.554966,
              23.135432
            ],
            [
              72.554918,
              23.135417
            ],
            [
              72.554624,
              23.135355
            ],
            [
              72.554441,
              23.135316
            ],
            [
              72.554093,
              23.135126
            ],
            [
              72.553925,
              23.135034
            ],
            [
              72.553243,
              23.134697
            ],
            [
              72.552869,
              23.134589
            ],
            [
              72.552741,
              23.134552
            ],
            [
              72.552454,
              23.134468
            ],
            [
              72.551694,
              23.13432
            ],
            [
              72.551431,
              23.13395
            ],
            [
              72.551081,
              23.133597
            ],
            [
              72.550814,
              23.133465
            ],
            [
              72.550564,
              23.133343
            ],
            [
              72.550147,
              23.133184
            ],
            [
              72.550107,
              23.133169
            ],
            [
              72.549824,
              23.133172
            ],
            [
              72.549581,
              23.132569
            ],
            [
              72.549334,
              23.131854
            ],
            [
              72.549087,
              23.131137
            ],
            [
              72.548318,
              23.131458
            ],
            [
              72.547668,
              23.131764
            ],
            [
              72.546718,
              23.132212
            ],
            [
              72.546176,
              23.131182
            ],
            [
              72.546126,
              23.131085
            ],
            [
              72.544378,
              23.131462
            ],
            [
              72.542379,
              23.131852
            ],
            [
              72.542411,
              23.131968
            ],
            [
              72.54202,
              23.132201
            ],
            [
              72.535677,
              23.111041
            ],
            [
              72.536218,
              23.110925
            ],
            [
              72.537659,
              23.11051
            ],
            [
              72.53804,
              23.110339
            ],
            [
              72.538885,
              23.10978
            ],
            [
              72.540108,
              23.108931
            ],
            [
              72.541114,
              23.108342
            ],
            [
              72.541881,
              23.107721
            ],
            [
              72.543371,
              23.106526
            ],
            [
              72.543991,
              23.106115
            ],
            [
              72.545355,
              23.105742
            ],
            [
              72.547871,
              23.105177
            ],
            [
              72.547261,
              23.103008
            ],
            [
              72.545687,
              23.098782
            ],
            [
              72.54406,
              23.094899
            ],
            [
              72.541831,
              23.089481
            ],
            [
              72.540979,
              23.087309
            ],
            [
              72.540477,
              23.085957
            ],
            [
              72.540229,
              23.084575
            ],
            [
              72.540311,
              23.083677
            ],
            [
              72.539927,
              23.083581
            ],
            [
              72.538151,
              23.083001
            ],
            [
              72.536813,
              23.082235
            ],
            [
              72.536183,
              23.08196
            ],
            [
              72.535593,
              23.081411
            ],
            [
              72.534682,
              23.082033
            ],
            [
              72.533175,
              23.083562
            ],
            [
              72.532842,
              23.083923
            ],
            [
              72.532823,
              23.083791
            ],
            [
              72.531956,
              23.077967
            ],
            [
              72.531849,
              23.07716
            ],
            [
              72.531609,
              23.075894
            ],
            [
              72.531857,
              23.075607
            ],
            [
              72.533277,
              23.075686
            ],
            [
              72.534675,
              23.075851
            ],
            [
              72.535446,
              23.075965
            ],
            [
              72.536837,
              23.076238
            ],
            [
              72.537949,
              23.076483
            ],
            [
              72.538636,
              23.076684
            ],
            [
              72.538689,
              23.076722
            ],
            [
              72.539044,
              23.076695
            ],
            [
              72.539352,
              23.076668
            ],
            [
              72.539633,
              23.076497
            ],
            [
              72.541576,
              23.074068
            ],
            [
              72.541597,
              23.074077
            ],
            [
              72.550542,
              23.077825
            ],
            [
              72.556775,
              23.080701
            ],
            [
              72.555389,
              23.086355
            ],
            [
              72.554628,
              23.08959
            ],
            [
              72.554218,
              23.091524
            ],
            [
              72.554257,
              23.093313
            ],
            [
              72.554732,
              23.094671
            ],
            [
              72.555747,
              23.096824
            ],
            [
              72.558039,
              23.101841
            ],
            [
              72.558717,
              23.102837
            ],
            [
              72.559464,
              23.103674
            ],
            [
              72.560371,
              23.104249
            ],
            [
              72.561335,
              23.104765
            ],
            [
              72.56215,
              23.104924
            ],
            [
              72.563042,
              23.104942
            ],
            [
              72.564076,
              23.104799
            ],
            [
              72.565592,
              23.10428
            ],
            [
              72.567036,
              23.103894
            ],
            [
              72.56247,
              23.115305
            ],
            [
              72.562663,
              23.115401
            ],
            [
              72.562732,
              23.115749
            ],
            [
              72.562728,
              23.116298
            ],
            [
              72.563102,
              23.116348
            ],
            [
              72.563546,
              23.116925
            ],
            [
              72.564049,
              23.117835
            ],
            [
              72.564559,
              23.119259
            ],
            [
              72.565471,
              23.12039
            ],
            [
              72.565859,
              23.121477
            ],
            [
              72.566143,
              23.12253
            ],
            [
              72.566462,
              23.122707
            ],
            [
              72.567076,
              23.123567
            ],
            [
              72.567504,
              23.124004
            ],
            [
              72.567726,
              23.124679
            ],
            [
              72.568029,
              23.125332
            ],
            [
              72.567994,
              23.126208
            ],
            [
              72.568458,
              23.127492
            ],
            [
              72.568371,
              23.12818
            ],
            [
              72.568629,
              23.12874
            ],
            [
              72.568484,
              23.131028
            ],
            [
              72.568267,
              23.131277
            ],
            [
              72.567694,
              23.133278
            ],
            [
              72.566755,
              23.133849
            ],
            [
              72.566208,
              23.134785
            ],
            [
              72.565916,
              23.13474
            ],
            [
              72.56599,
              23.13622
            ],
            [
              72.563973,
              23.137232
            ],
            [
              72.563464,
              23.137614
            ],
            [
              72.562154,
              23.138285
            ],
            [
              72.560697,
              23.138709
            ],
            [
              72.560739,
              23.138821
            ],
            [
              72.56032,
              23.139035
            ],
            [
              72.559944,
              23.139162
            ],
            [
              72.559666,
              23.139256
            ],
            [
              72.55911,
              23.139332
            ]
          ]
        ]
      },
      "properties": {
        "zone_id": "ward-02",
        "name": "Chandlodia",
        "ward_number": 2,
        "center_lat": 23.109186,
        "center_lon": 72.551239,
        "area_km2": 13.7405,
        "geometry_source": "amc_ward_boundary"
      }
    },
    {
      "type": "Feature",
      "id": "ward-01",
      "geometry": {
        "type": "Polygon",
        "coordinates": [
          [
            [
              72.507757,
              23.138859
            ],
            [
              72.507136,
              23.138867
            ],
            [
              72.506912,
              23.138771
            ],
            [
              72.506774,
              23.138723
            ],
            [
              72.506671,
              23.138246
            ],
            [
              72.506556,
              23.138294
            ],
            [
              72.506521,
              23.138187
            ],
            [
              72.50566,
              23.138037
            ],
            [
              72.50575,
              23.136938
            ],
            [
              72.505967,
              23.136912
            ],
            [
              72.505917,
              23.135857
            ],
            [
              72.505947,
              23.135201
            ],
            [
              72.505966,
              23.134807
            ],
            [
              72.50636,
              23.134531
            ],
            [
              72.506851,
              23.133859
            ],
            [
              72.506994,
              23.133233
            ],
            [
              72.506973,
              23.132714
            ],
            [
              72.506949,
              23.131814
            ],
            [
              72.506816,
              23.131677
            ],
            [
              72.506579,
              23.131497
            ],
            [
              72.506031,
              23.131366
            ],
            [
              72.505584,
              23.131397
            ],
            [
              72.505528,
              23.130604
            ],
            [
              72.504978,
              23.130057
            ],
            [
              72.504262,
              23.129586
            ],
            [
              72.503765,
              23.129481
            ],
            [
              72.503661,
              23.128856
            ],
            [
              72.503455,
              23.128312
            ],
            [
              72.503252,
              23.127377
            ],
            [
              72.503049,
              23.126768
            ],
            [
              72.502807,
              23.126453
            ],
            [
              72.501959,
              23.125718
            ],
            [
              72.501607,
              23.125244
            ],
            [
              72.501159,
              23.124927
            ],
            [
              72.500958,
              23.124434
            ],
            [
              72.500421,
              23.123949
            ],
            [
              72.499757,
              23.12373
            ],
            [
              72.499913,
              23.123323
            ],
            [
              72.500292,
              23.122522
            ],
            [
              72.500361,
              23.122007
            ],
            [
              72.500186,
              23.121204
            ],
            [
              72.500084,
              23.121044
            ],
            [
              72.500098,
              23.120931
            ],
            [
              72.500228,
              23.1199
            ],
            [
              72.500332,
              23.119159
            ],
            [
              72.500431,
              23.11831
            ],
            [
              72.500188,
              23.116995
            ],
            [
              72.500073,
              23.116002
            ],
            [
              72.499969,
              23.115911
            ],
            [
              72.499762,
              23.115857
            ],
            [
              72.498984,
              23.115653
            ],
            [
              72.498875,
              23.115594
            ],
            [
              72.498573,
              23.115429
            ],
            [
              72.497963,
              23.11479
            ],
            [
              72.497512,
              23.114365
            ],
            [
              72.497282,
              23.114012
            ],
            [
              72.497387,
              23.113595
            ],
            [
              72.497677,
              23.113153
            ],
            [
              72.498203,
              23.112722
            ],
            [
              72.499005,
              23.112487
            ],
            [
              72.499045,
              23.112175
            ],
            [
              72.499285,
              23.11175
            ],
            [
              72.499354,
              23.11123
            ],
            [
              72.499316,
              23.110584
            ],
            [
              72.499251,
              23.110119
            ],
            [
              72.499657,
              23.109084
            ],
            [
              72.499836,
              23.10834
            ],
            [
              72.49987,
              23.107796
            ],
            [
              72.499752,
              23.107239
            ],
            [
              72.499529,
              23.106591
            ],
            [
              72.499015,
              23.105747
            ],
            [
              72.49897,
              23.105391
            ],
            [
              72.498454,
              23.104532
            ],
            [
              72.498429,
              23.104177
            ],
            [
              72.498417,
              23.103934
            ],
            [
              72.49844,
              23.103016
            ],
            [
              72.498506,
              23.101911
            ],
            [
              72.498481,
              23.101592
            ],
            [
              72.498468,
              23.101213
            ],
            [
              72.498248,
              23.100643
            ],
            [
              72.498639,
              23.10063
            ],
            [
              72.498858,
              23.099911
            ],
            [
              72.498972,
              23.099538
            ],
            [
              72.497757,
              23.096367
            ],
            [
              72.496965,
              23.094071
            ],
            [
              72.495692,
              23.090578
            ],
            [
              72.494392,
              23.086887
            ],
            [
              72.493038,
              23.083947
            ],
            [
              72.493999,
              23.083476
            ],
            [
              72.496857,
              23.081907
            ],
            [
              72.499225,
              23.080608
            ],
            [
              72.500005,
              23.080307
            ],
            [
              72.499999,
              23.080015
            ],
            [
              72.499895,
              23.078703
            ],
            [
              72.499358,
              23.076699
            ],
            [
              72.499111,
              23.075775
            ],
            [
              72.499557,
              23.075571
            ],
            [
              72.499446,
              23.074765
            ],
            [
              72.499283,
              23.074465
            ],
            [
              72.499048,
              23.073922
            ],
            [
              72.499024,
              23.073145
            ],
            [
              72.499163,
              23.072401
            ],
            [
              72.499201,
              23.071625
            ],
            [
              72.499054,
              23.07053
            ],
            [
              72.498827,
              23.069811
            ],
            [
              72.498484,
              23.069231
            ],
            [
              72.498281,
              23.068688
            ],
            [
              72.498046,
              23.068146
            ],
            [
              72.498606,
              23.067565
            ],
            [
              72.498744,
              23.066943
            ],
            [
              72.499295,
              23.066053
            ],
            [
              72.499707,
              23.065216
            ],
            [
              72.500192,
              23.064197
            ],
            [
              72.500196,
              23.064189
            ],
            [
              72.5002,
              23.064181
            ],
            [
              72.500205,
              23.064173
            ],
            [
              72.50021,
              23.064165
            ],
            [
              72.500215,
              23.064158
            ],
            [
              72.500221,
              23.06415
            ],
            [
              72.500226,
              23.064143
            ],
            [
              72.500232,
              23.064136
            ],
            [
              72.500239,
              23.064129
            ],
            [
              72.500245,
              23.064123
            ],
            [
              72.500252,
              23.064116
            ],
            [
              72.500259,
              23.06411
            ],
            [
              72.500267,
              23.064104
            ],
            [
              72.500274,
              23.064099
            ],
            [
              72.500282,
              23.064093
            ],
            [
              72.50029,
              23.064088
            ],
            [
              72.500298,
              23.064083
            ],
            [
              72.500306,
              23.064078
            ],
            [
              72.500315,
              23.064074
            ],
            [
              72.500323,
              23.06407
            ],
            [
              72.500332,
              23.064066
            ],
            [
              72.500341,
              23.064062
            ],
            [
              72.50035,
              23.064059
            ],
            [
              72.500359,
              23.064056
            ],
            [
              72.500369,
              23.064053
            ],
            [
              72.500378,
              23.064051
            ],
            [
              72.500387,
              23.064049
            ],
            [
              72.500397,
              23.064047
            ],
            [
              72.500407,
              23.064046
            ],
            [
              72.500416,
              23.064044
            ],
            [
              72.500426,
              23.064044
            ],
            [
              72.500436,
              23.064043
            ],
            [
              72.500445,
              23.064043
            ],
            [
              72.500455,
              23.064043
            ],
            [
              72.500465,
              23.064043
            ],
            [
              72.500475,
              23.064044
            ],
            [
              72.500484,
              23.064045
            ],
            [
              72.500494,
              23.064046
            ],
            [
              72.500504,
              23.064048
            ],
            [
              72.500513,
              23.06405
            ],
            [
              72.500523,
              23.064052
            ],
            [
              72.500532,
              23.064055
            ],
            [
              72.500541,
              23.064058
            ],
            [
              72.50055,
              23.064061
            ],
            [
              72.500559,
              23.064064
            ],
            [
              72.500568,
              23.064068
            ],
            [
              72.500577,
              23.064072
            ],
            [
              72.500586,
              23.064076
            ],
            [
              72.500594,
              23.064081
            ],
            [
              72.500602,
              23.064085
            ],
            [
              72.50061,
              23.06409
            ],
            [
              72.500618,
              23.064096
            ],
            [
              72.500626,
              23.064101
            ],
            [
              72.501413,
              23.064315
            ],
            [
              72.50215,
              23.064415
            ],
            [
              72.502744,
              23.063394
            ],
            [
              72.502924,
              23.063145
            ],
            [
              72.502887,
              23.062944
            ],
            [
              72.503066,
              23.062666
            ],
            [
              72.502813,
              23.061999
            ],
            [
              72.502925,
              23.061489
            ],
            [
              72.50275,
              23.061056
            ],
            [
              72.502393,
              23.060683
            ],
            [
              72.501677,
              23.060277
            ],
            [
              72.500859,
              23.059917
            ],
            [
              72.500039,
              23.059555
            ],
            [
              72.499359,
              23.059168
            ],
            [
              72.500065,
              23.058898
            ],
            [
              72.500757,
              23.058694
            ],
            [
              72.502148,
              23.058127
            ],
            [
              72.503134,
              23.057548
            ],
            [
              72.503386,
              23.057663
            ],
            [
              72.505383,
              23.058542
            ],
            [
              72.507945,
              23.059613
            ],
            [
              72.510251,
              23.060558
            ],
            [
              72.513669,
              23.062102
            ],
            [
              72.51618,
              23.063186
            ],
            [
              72.522324,
              23.065852
            ],
            [
              72.525339,
              23.06716
            ],
            [
              72.527039,
              23.067898
            ],
            [
              72.528223,
              23.06661
            ],
            [
              72.529635,
              23.065367
            ],
            [
              72.53071,
              23.064291
            ],
            [
              72.531654,
              23.06377
            ],
            [
              72.534316,
              23.06238
            ],
            [
              72.535553,
              23.064244
            ],
            [
              72.536316,
              23.065462
            ],
            [
              72.535499,
              23.065552
            ],
            [
              72.535053,
              23.065632
            ],
            [
              72.53437,
              23.065875
            ],
            [
              72.532929,
              23.066512
            ],
            [
              72.533807,
              23.068171
            ],
            [
              72.534177,
              23.068428
            ],
            [
              72.535404,
              23.068871
            ],
            [
              72.535945,
              23.068962
            ],
            [
              72.53732,
              23.069638
            ],
            [
              72.537136,
              23.070238
            ],
            [
              72.53743,
              23.071442
            ],
            [
              72.537569,
              23.0719
            ],
            [
              72.537569,
              23.072216
            ],
            [
              72.537557,
              23.072312
            ],
            [
              72.541576,
              23.074068
            ],
            [
              72.539633,
              23.076497
            ],
            [
              72.539352,
              23.076668
            ],
            [
              72.539044,
              23.076695
            ],
            [
              72.538689,
              23.076722
            ],
            [
              72.538636,
              23.076684
            ],
            [
              72.537949,
              23.076483
            ],
            [
              72.536837,
              23.076238
            ],
            [
              72.535446,
              23.075965
            ],
            [
              72.534675,
              23.075851
            ],
            [
              72.533277,
              23.075686
            ],
            [
              72.531857,
              23.075607
            ],
            [
              72.531609,
              23.075894
            ],
            [
              72.531849,
              23.07716
            ],
            [
              72.531956,
              23.077967
            ],
            [
              72.532823,
              23.083791
            ],
            [
              72.532842,
              23.083923
            ],
            [
              72.533175,
              23.083562
            ],
            [
              72.534682,
              23.082033
            ],
            [
              72.535593,
              23.081411
            ],
            [
              72.536183,
              23.08196
            ],
            [
              72.536813,
              23.082235
            ],
            [
              72.538151,
              23.083001
            ],
            [
              72.539927,
              23.083581
            ],
            [
              72.540311,
              23.083677
            ],
            [
              72.540229,
              23.084575
            ],
            [
              72.540477,
              23.085957
            ],
            [
              72.540979,
              23.087309
            ],
            [
              72.541831,
              23.089481
            ],
            [
              72.54406,
              23.094899
            ],
            [
              72.545687,
              23.098782
            ],
            [
              72.547261,
              23.103008
            ],
            [
              72.547871,
              23.105177
            ],
            [
              72.545355,
              23.105742
            ],
            [
              72.543991,
              23.106115
            ],
            [
              72.543371,
              23.106526
            ],
            [
              72.541881,
              23.107721
            ],
            [
              72.541114,
              23.108342
            ],
            [
              72.540108,
              23.108931
            ],
            [
              72.538885,
              23.10978
            ],
            [
              72.53804,
              23.110339
            ],
            [
              72.537659,
              23.11051
            ],
            [
              72.536218,
              23.110925
            ],
            [
              72.535677,
              23.111041
            ],
            [
              72.54202,
              23.132201
            ],
            [
              72.541628,
              23.132434
            ],
            [
              72.540765,
              23.131913
            ],
            [
              72.540763,
              23.131756
            ],
            [
              72.540268,
              23.131705
            ],
            [
              72.538626,
              23.13159
            ],
            [
              72.538522,
              23.131688
            ],
            [
              72.538132,
              23.131659
            ],
            [
              72.537564,
              23.131736
            ],
            [
              72.537034,
              23.132374
            ],
            [
              72.536447,
              23.132083
            ],
            [
              72.535824,
              23.131752
            ],
            [
              72.535513,
              23.131528
            ],
            [
              72.534794,
              23.130991
            ],
            [
              72.534221,
              23.130484
            ],
            [
              72.533796,
              23.130163
            ],
            [
              72.533953,
              23.131232
            ],
            [
              72.533883,
              23.131824
            ],
            [
              72.533557,
              23.132619
            ],
            [
              72.533147,
              23.133618
            ],
            [
              72.532964,
              23.134508
            ],
            [
              72.532654,
              23.13587
            ],
            [
              72.532317,
              23.137175
            ],
            [
              72.532164,
              23.137575
            ],
            [
              72.531909,
              23.138201
            ],
            [
              72.531554,
              23.138274
            ],
            [
              72.530981,
              23.138332
            ],
            [
              72.530364,
              23.138309
            ],
            [
              72.530161,
              23.138879
            ],
            [
              72.529895,
              23.139476
            ],
            [
              72.529299,
              23.139623
            ],
            [
              72.528703,
              23.139764
            ],
            [
              72.527695,
              23.140051
            ],
            [
              72.526981,
              23.140211
            ],
            [
              72.526208,
              23.140316
            ],
            [
              72.525745,
              23.140391
            ],
            [
              72.5253,
              23.140458
            ],
            [
              72.525082,
              23.140332
            ],
            [
              72.524724,
              23.139867
            ],
            [
              72.524188,
              23.139366
            ],
            [
              72.523725,
              23.138884
            ],
            [
              72.523394,
              23.138594
            ],
            [
              72.523032,
              23.138486
            ],
            [
              72.521797,
              23.138044
            ],
            [
              72.5206,
              23.137751
            ],
            [
              72.519516,
              23.137591
            ],
            [
              72.518859,
              23.137496
            ],
            [
              72.518183,
              23.137498
            ],
            [
              72.51596,
              23.137553
            ],
            [
              72.514628,
              23.137623
            ],
            [
              72.513467,
              23.137662
            ],
            [
              72.512738,
              23.13758
            ],
            [
              72.51218,
              23.137539
            ],
            [
              72.511788,
              23.137522
            ],
            [
              72.511329,
              23.13759
            ],
            [
              72.511136,
              23.137966
            ],
            [
              72.510832,
              23.13876
            ],
            [
              72.510224,
              23.138785
            ],
            [
              72.50928,
              23.138867
            ],
            [
              72.508814,
              23.138892
            ],
            [
              72.507757,
              23.138859
            ]
          ]
        ]
      },
      "properties": {
        "zone_id": "ward-01",
        "name": "Gota",
        "ward_number": 1,
        "center_lat": 23.099712,
        "center_lon": 72.519196,
        "area_km2": 33.8833,
        "geometry_source": "amc_ward_boundary"
      }
    }
  ]
}